gene	allele	threshold
IGLV1-6UWF	IGLV1-6UWF*01	0.001
IGLV1-ANT2	IGLV1-ANT2*02	0.001
IGLV1-ANT2	IGLV1-ANT2*03	0.003
IGLV1-HYAR	IGLV1-HYAR*01	0.001
IGLV1-OISC	IGLV1-OISC*01	0.003
IGLV1-OMXR	IGLV1-OMXR*01	0.001
IGLV1-UABS	IGLV1-UABS*01	0.001
IGLV1-UABS	IGLV1-UABS*02	0.001
IGLV1-WZN2	IGLV1-WZN2*01	0.001
IGLV1-YE7M	IGLV1-YE7M*03	0.001
IGLV10-2LPI	IGLV10-2LPI*01	0.001
IGLV13-3L7Q	IGLV13-3L7Q*01	0.001
IGLV13-7QAJ	IGLV13-7QAJ*02/IGLV13-7QAJ*09	0.001
IGLV13-7QAJ	IGLV13-7QAJ*03	0.001
IGLV13-7QAJ	IGLV13-7QAJ*06	0.001
IGLV13-LWMG	IGLV13-LWMG*01	0.001
IGLV13-PG6A	IGLV13-PG6A*01	0.001
IGLV13-PG6A	IGLV13-PG6A*06/IGLV13-PG6A*07/IGLV13-PG6A*09	0.001
IGLV13-PG6A	IGLV13-PG6A*08	0.001
IGLV13-RLBV	IGLV13-RLBV*02/IGLV13-RLBV*06/IGLV13-RLBV*07	0.001
IGLV13-RM6H	IGLV13-RM6H*01	0.001
IGLV13-RM6H	IGLV13-RM6H*04	0.001
IGLV13-TZW3	IGLV13-TZW3*01	0.002
IGLV13-TZW3	IGLV13-TZW3*04	0.001
IGLV13-TZW3	IGLV13-TZW3*05	0.001
IGLV13-V3WL	IGLV13-V3WL*01	0.001
IGLV14-JHDX	IGLV14-JHDX*03	0.001
IGLV14-QYQW	IGLV14-QYQW*08	0.003
IGLV18-34KT	IGLV18-34KT*01	0.001
IGLV18-7DQE	IGLV18-7DQE*01/IGLV18-7DQE*05	0.001
IGLV18-HTIG	IGLV18-HTIG*07/IGLV18-HTIG*08	0.001
IGLV18-LFXG	IGLV18-LFXG*04	0.001
IGLV18-LFXG	IGLV18-LFXG*05	0.001
IGLV18-LFXG	IGLV18-LFXG*15/IGLV18-LFXG*20/IGLV18-LFXG*21	0.001
IGLV19-BPJ2	IGLV19-BPJ2*01/IGLV19-BPJ2*07/IGLV19-BPJ2*08	0.001
IGLV19-PCOE	IGLV19-PCOE*03	0.001
IGLV19-UE3U	IGLV19-UE3U*01	0.001
IGLV2-3NOK	IGLV2-3NOK*03	0.001
IGLV2-3NOK	IGLV2-3NOK*04	0.002
IGLV2-4DY7	IGLV2-4DY7*03	0.001
IGLV2-LMLE	IGLV2-LMLE*02	0.001
IGLV2-M5CD	IGLV2-M5CD*01	0.001
IGLV2-M5CD	IGLV2-M5CD*03	0.001
IGLV2-UE2U	IGLV2-UE2U*02	0.007
IGLV2-UE2U	IGLV2-UE2U*03	0.004
IGLV2-UE2U	IGLV2-UE2U*07/IGLV2-UE2U*24	0.001
IGLV2-UE2U	IGLV2-UE2U*26	0.001
IGLV2-UE2U	IGLV2-UE2U*28	0.001
IGLV20-LHAH	IGLV20-LHAH*01	0.001
IGLV24-7UWK	IGLV24-7UWK*06	0.001
IGLV24-7UWK	IGLV24-7UWK*12	0.001
IGLV24-BVHO	IGLV24-BVHO*07	0.001
IGLV24-BVHO	IGLV24-BVHO*11	0.002
IGLV24-BVHO	IGLV24-BVHO*12	0.001
IGLV24-OL3F	IGLV24-OL3F*05	0.001
IGLV25-63QE	IGLV25-63QE*04/IGLV25-63QE*07	0.001
IGLV25-JH2N	IGLV25-JH2N*03	0.004
IGLV25-ZJ6T	IGLV25-ZJ6T*07	0.001
IGLV26-KKTJ	IGLV26-KKTJ*03	0.001
IGLV26-Q4PR	IGLV26-Q4PR*01	0.002
IGLV30-DGNA	IGLV30-DGNA*01	0.001
IGLV32-ETZW	IGLV32-ETZW*01	0.001
IGLV33-KXCY	IGLV33-KXCY*01	0.001
IGLV34-SFME	IGLV34-SFME*04/IGLV34-SFME*05	0.008
IGLV35-ACMF	IGLV35-ACMF*01	0.001
IGLV5-3RO5	IGLV5-3RO5*05	0.001
IGLV5-BNOK	IGLV5-BNOK*01	0.001
IGLV5-NWM6	IGLV5-NWM6*01	0.001
IGLV5-PJEQ	IGLV5-PJEQ*01	0.001
IGLV5-WPZI	IGLV5-WPZI*01/IGLV5-WPZI*02	0.001
IGLV5-Y6D5	IGLV5-Y6D5*02	0.001
IGLV6-43U5	IGLV6-43U5*01	0.001
IGLV6-43U5	IGLV6-43U5*02	0.001
IGLV6-43U5	IGLV6-43U5*04	0.001
IGLV6-43U5	IGLV6-43U5*06/IGLV6-43U5*10	0.001
IGLV6-T6U4	IGLV6-T6U4*06	0.001
IGLV7-63DH	IGLV7-63DH*01	0.001
IGLV7-SWRX	IGLV7-SWRX*01	0.001
IGLV7-YFQ2	IGLV7-YFQ2*01	0.001
IGLV7-YFQ2	IGLV7-YFQ2*04	0.001
IGLV1-UABS	IGLV1-UABS*03	0.002
IGLV14-QYQW	IGLV14-QYQW*01	0.002
IGLV14-QYQW	IGLV14-QYQW*07	0.001
IGLV2-4DY7	IGLV2-4DY7*02	0.001
IGLV2-FL67	IGLV2-FL67*01	0.001
IGLV24-BVHO	IGLV24-BVHO*05	0.001
IGLV25-UUQT	IGLV25-UUQT*01/IGLV25-UUQT*03	0.001
IGLV33-GBBF	IGLV33-GBBF*03	0.002
IGLV34-SFME	IGLV34-SFME*01	0.001
IGLV35-ACMF	IGLV35-ACMF*02	0.001
IGLV5-PJEQ	IGLV5-PJEQ*02	0.001
IGLV6-T6U4	IGLV6-T6U4*01	0.001
IGLV1-6UWF	IGLV1-6UWF*02	0.001
IGLV13-3XEF	IGLV13-3XEF*02/IGLV13-3XEF*03	0.001
IGLV13-4CAZ	IGLV13-4CAZ*07	0.001
IGLV13-RLBV	IGLV13-RLBV*01	0.001
IGLV13-RLSR	IGLV13-RLSR*01	0.001
IGLV14-JHDX	IGLV14-JHDX*01	0.01
IGLV14-QYQW	IGLV14-QYQW*03	0.002
IGLV18-LFXG	IGLV18-LFXG*06/IGLV18-LFXG*16	0.001
IGLV18-LFXG	IGLV18-LFXG*07	0.001
IGLV18-LFXG	IGLV18-LFXG*08	0.001
IGLV18-LFXG	IGLV18-LFXG*10	0.001
IGLV18-LFXG	IGLV18-LFXG*17/IGLV18-LFXG*19	0.001
IGLV2-LMLE	IGLV2-LMLE*01	0.001
IGLV2-UWKA	IGLV2-UWKA*01	0.001
IGLV2-UWKA	IGLV2-UWKA*15	0.001
IGLV24-7UWK	IGLV24-7UWK*08/IGLV24-7UWK*13	0.001
IGLV24-7UWK	IGLV24-7UWK*09	0.002
IGLV24-7UWK	IGLV24-7UWK*11	0.001
IGLV26-KKTJ	IGLV26-KKTJ*01	0.001
IGLV30-NPLJ	IGLV30-NPLJ*01	0.001
IGLV35-II36	IGLV35-II36*01	0.006
IGLV4-JKIO	IGLV4-JKIO*04	0.001
IGLV5-3RO5	IGLV5-3RO5*03	0.001
IGLV5-BNOK	IGLV5-BNOK*02	0.001
IGLV6-43U5	IGLV6-43U5*05	0.001
IGLV7-BWVJ	IGLV7-BWVJ*01	0.001
IGLV1-ANT2	IGLV1-ANT2*05/IGLV1-ANT2*06	0.001
IGLV1-UABS	IGLV1-UABS*06	0.001
IGLV14-QYQW	IGLV14-QYQW*02	0.001
IGLV18-HTIG	IGLV18-HTIG*01	0.007
IGLV24-7C53	IGLV24-7C53*01	0.001
IGLV24-BVHO	IGLV24-BVHO*01/IGLV24-BVHO*08	0.001
IGLV25-JH2N	IGLV25-JH2N*02	0.001
IGLV25-WFLH	IGLV25-WFLH*02/IGLV25-WFLH*03	0.001
IGLV25-ZJ6T	IGLV25-ZJ6T*01	0.001
IGLV26-5FUK	IGLV26-5FUK*02	0.001
IGLV5-3RO5	IGLV5-3RO5*01	0.001
IGLV5-NWM6	IGLV5-NWM6*03	0.001
IGLV7-NDLJ	IGLV7-NDLJ*01	0.001
IGLV7-V4Q3	IGLV7-V4Q3*03	0.001
IGLV7-YFQ2	IGLV7-YFQ2*02	0.001
IGLV7-YFQ2	IGLV7-YFQ2*05	0.003
IGLV13-PG6A	IGLV13-PG6A*03	0.001
IGLV13-PG6A	IGLV13-PG6A*04	0.001
IGLV13-RLBV	IGLV13-RLBV*09	0.001
IGLV18-HTIG	IGLV18-HTIG*03	0.001
IGLV2-UE2U	IGLV2-UE2U*01	0.001
IGLV24-7UWK	IGLV24-7UWK*04	0.002
IGLV25-JH2N	IGLV25-JH2N*06	0.001
IGLV25-ZJ6T	IGLV25-ZJ6T*06	0.001
IGLV4-JKIO	IGLV4-JKIO*03	0.001
IGLV6-T6U4	IGLV6-T6U4*02/IGLV6-T6U4*04	0.001
IGLV1-ANT2	IGLV1-ANT2*01	0.001
IGLV1-OISC	IGLV1-OISC*05	0.001
IGLV1-OMXR	IGLV1-OMXR*04	0.001
IGLV1-UABS	IGLV1-UABS*07	0.001
IGLV1-YE7M	IGLV1-YE7M*04	0.001
IGLV13-7QAJ	IGLV13-7QAJ*10	0.001
IGLV13-RM6H	IGLV13-RM6H*03	0.001
IGLV18-HTIG	IGLV18-HTIG*06	0.001
IGLV2-UE2U	IGLV2-UE2U*04	0.001
IGLV20-CWPJ	IGLV20-CWPJ*02	0.001
IGLV25-JH2N	IGLV25-JH2N*04	0.005
IGLV25-N5HP	IGLV25-N5HP*03	0.001
IGLV25-WFLH	IGLV25-WFLH*01	0.009
IGLV26-5FUK	IGLV26-5FUK*01	0.001
IGLV4-CGIK	IGLV4-CGIK*01	0.001
IGLV5-NWM6	IGLV5-NWM6*02	0.001
IGLV7-M5JX	IGLV7-M5JX*01	0.001
IGLV7-YFQ2	IGLV7-YFQ2*03	0.001
IGLV1-6UWF	IGLV1-6UWF*03	0.001
IGLV13-PG6A	IGLV13-PG6A*05	0.001
IGLV18-LFXG	IGLV18-LFXG*01	0.001
IGLV18-LFXG	IGLV18-LFXG*02	0.001
IGLV24-2DBU	IGLV24-2DBU*01	0.001
IGLV24-7UWK	IGLV24-7UWK*01	0.001
IGLV4-JKIO	IGLV4-JKIO*01	0.001
IGLV7-V4Q3	IGLV7-V4Q3*01	0.001
IGLV6-43U5	IGLV6-43U5*09	0.006
IGLV1-YE7M	IGLV1-YE7M*05	0.001
IGLV13-PG6A	IGLV13-PG6A*02	0.001
IGLV2-3NOK	IGLV2-3NOK*05	0.001
IGLV24-BVHO	IGLV24-BVHO*10	0.001
IGLV34-SFME	IGLV34-SFME*03	0.001
IGLV15-WNKU	IGLV15-WNKU*02	0.001
IGLV7-V4Q3	IGLV7-V4Q3*02	0.001
IGLV26-GNF7	IGLV26-GNF7*01	0.001
IGLV1-ANT2	IGLV1-ANT2*04	0.001
IGLV13-7QAJ	IGLV13-7QAJ*05/IGLV13-7QAJ*08	0.001
IGLV24-OL3F	IGLV24-OL3F*04	0.001
IGLV5-UW3K	IGLV5-UW3K*07	0.001
IGLV18-HTIG	IGLV18-HTIG*05	0.001
IGLV19-G4WJ	IGLV19-G4WJ*01	0.001
IGLV32-R2TL	IGLV32-R2TL*01	0.001
IGLV24-BVHO	IGLV24-BVHO*02	0.02
IGLV25-ZJ6T	IGLV25-ZJ6T*02	0.001
IGLV33-GBBF	IGLV33-GBBF*02	0.001
IGLV34-N3KI	IGLV34-N3KI*06	0.001
IGLV4-JKIO	IGLV4-JKIO*02	0.001
IGLV13-RLBV	IGLV13-RLBV*08	0.001
IGLV18-LFXG	IGLV18-LFXG*11/IGLV18-LFXG*18	0.001
IGLV20-LHAH	IGLV20-LHAH*03	0.001
IGLV25-JH2N	IGLV25-JH2N*01	0.001
IGLV24-OL3F	IGLV24-OL3F*01	0.001
IGLV24-OL3F	IGLV24-OL3F*02	0.001
IGLV13-4CAZ	IGLV13-4CAZ*02	0.001
IGLV13-RM6H	IGLV13-RM6H*02	0.001
IGLV18-LFXG	IGLV18-LFXG*03	0.001
IGLV2-UWKA	IGLV2-UWKA*14	0.001
IGLV20-CWPJ	IGLV20-CWPJ*03	0.001
IGLV20-LHAH	IGLV20-LHAH*05	0.001
IGLV2-4DY7	IGLV2-4DY7*01	0.001
IGLV33-GBBF	IGLV33-GBBF*01	0.001
IGLV1-24UP	IGLV1-24UP*01	0.001
IGLV13-V3WL	IGLV13-V3WL*04	0.001
IGLV18-HTIG	IGLV18-HTIG*04	0.001
IGLV19-PCOE	IGLV19-PCOE*01	0.001
IGLV2-UE2U	IGLV2-UE2U*27	0.03
IGLV13-V3WL	IGLV13-V3WL*03	0.001
IGLV24-7UWK	IGLV24-7UWK*05	0.001
IGLV13-TZW3	IGLV13-TZW3*02	0.001
IGLV18-HTIG	IGLV18-HTIG*02	0.001
IGLV24-7UWK	IGLV24-7UWK*07	0.001
IGLV25-N5HP	IGLV25-N5HP*01	0.001
IGLV1-24UP	IGLV1-24UP*02	0.001
IGLV6-43U5	IGLV6-43U5*08	0.001
IGLV6-T6U4	IGLV6-T6U4*03	0.001
IGLV7-YFQ2	IGLV7-YFQ2*06	0.001
IGLV7-ZQKQ	IGLV7-ZQKQ*01	0.001
IGLV13-TZW3	IGLV13-TZW3*03	0.001
IGLV18-7DQE	IGLV18-7DQE*04	0.001
IGLV6-43U5	IGLV6-43U5*07	0.001
IGLV1-SCAH	IGLV1-SCAH*01	0.001
IGLV31-D2KF	IGLV31-D2KF*01	0.001
IGLV7-V4Q3	IGLV7-V4Q3*04	0.001
IGLV1-UABS	IGLV1-UABS*04	0.001
IGLV1-UABS	IGLV1-UABS*05	0.001
IGLV1-WZN2	IGLV1-WZN2*02	0.001
IGLV1-YE7M	IGLV1-YE7M*01	0.001
IGLV1-YE7M	IGLV1-YE7M*02	0.001
IGLV1-ZI3I	IGLV1-ZI3I*01	0.001
IGLV1-ZI3I	IGLV1-ZI3I*02	0.001
IGLV10-2LPI	IGLV10-2LPI*02	0.001
IGLV13-3XEF	IGLV13-3XEF*01	0.001
IGLV13-4CAZ	IGLV13-4CAZ*01	0.001
IGLV13-4CAZ	IGLV13-4CAZ*03	0.001
IGLV13-4CAZ	IGLV13-4CAZ*04	0.001
IGLV13-4CAZ	IGLV13-4CAZ*08	0.001
IGLV13-7QAJ	IGLV13-7QAJ*01	0.001
IGLV13-7QAJ	IGLV13-7QAJ*04	0.001
IGLV13-7QAJ	IGLV13-7QAJ*07	0.001
IGLV13-RLBV	IGLV13-RLBV*05	0.001
IGLV13-RM6H	IGLV13-RM6H*05	0.001
IGLV14-QYQW	IGLV14-QYQW*04	0.001
IGLV14-QYQW	IGLV14-QYQW*05	0.001
IGLV14-QYQW	IGLV14-QYQW*06	0.001
IGLV15-WNKU	IGLV15-WNKU*01	0.001
IGLV16-5QRY	IGLV16-5QRY*01	0.001
IGLV16-5QRY	IGLV16-5QRY*02	0.001
IGLV17-CPNX	IGLV17-CPNX*01	0.001
IGLV18-34KT	IGLV18-34KT*02	0.001
IGLV18-34KT	IGLV18-34KT*05	0.001
IGLV18-34KT	IGLV18-34KT*18	0.001
IGLV18-7DQE	IGLV18-7DQE*02	0.001
IGLV18-7DQE	IGLV18-7DQE*03	0.001
IGLV18-GLHT	IGLV18-GLHT*01	0.001
IGLV18-LFXG	IGLV18-LFXG*09	0.001
IGLV18-LFXG	IGLV18-LFXG*12	0.001
IGLV18-LFXG	IGLV18-LFXG*13	0.001
IGLV18-LFXG	IGLV18-LFXG*14	0.001
IGLV18-LFXG	IGLV18-LFXG*22	0.001
IGLV19-G4WJ	IGLV19-G4WJ*02	0.001
IGLV19-PCOE	IGLV19-PCOE*08	0.001
IGLV19-PCOE	IGLV19-PCOE*09	0.001
IGLV19-UE3U	IGLV19-UE3U*04	0.001
IGLV2-3NOK	IGLV2-3NOK*01	0.001
IGLV2-3NOK	IGLV2-3NOK*02	0.001
IGLV2-3NOK	IGLV2-3NOK*06	0.001
IGLV2-4DY7	IGLV2-4DY7*04	0.001
IGLV2-FL67	IGLV2-FL67*02	0.001
IGLV2-FL67	IGLV2-FL67*03	0.001
IGLV2-FL67	IGLV2-FL67*05	0.001
IGLV2-FL67	IGLV2-FL67*09	0.001
IGLV2-I6W6	IGLV2-I6W6*01	0.001
IGLV2-M5CD	IGLV2-M5CD*02	0.001
IGLV2-NNKN	IGLV2-NNKN*01	0.001
IGLV2-UE2U	IGLV2-UE2U*05	0.001
IGLV2-UE2U	IGLV2-UE2U*06	0.001
IGLV2-UWKA	IGLV2-UWKA*02	0.001
IGLV2-UWKA	IGLV2-UWKA*08	0.001
IGLV20-CWPJ	IGLV20-CWPJ*01	0.001
IGLV20-CWPJ	IGLV20-CWPJ*06	0.001
IGLV20-LHAH	IGLV20-LHAH*04	0.001
IGLV24-7UWK	IGLV24-7UWK*10	0.001
IGLV24-BVHO	IGLV24-BVHO*06/IGLV24-BVHO*09	0.001
IGLV24-OL3F	IGLV24-OL3F*03	0.001
IGLV25-63QE	IGLV25-63QE*01	0.001
IGLV25-63QE	IGLV25-63QE*05	0.001
IGLV25-63QE	IGLV25-63QE*06	0.001
IGLV25-63QE	IGLV25-63QE*08	0.001
IGLV25-63QE	IGLV25-63QE*09	0.001
IGLV25-JH2N	IGLV25-JH2N*05	0.001
IGLV25-N5HP	IGLV25-N5HP*02	0.001
IGLV26-53EQ	IGLV26-53EQ*01	0.001
IGLV26-GNF7	IGLV26-GNF7*02	0.001
IGLV26-KKTJ	IGLV26-KKTJ*02	0.001
IGLV26-KKTJ	IGLV26-KKTJ*04	0.001
IGLV31-JFFW	IGLV31-JFFW*01	0.001
IGLV33-NBMT	IGLV33-NBMT*01	0.001
IGLV34-N3KI	IGLV34-N3KI*01	0.001
IGLV34-N3KI	IGLV34-N3KI*02	0.001
IGLV5-3RO5	IGLV5-3RO5*02	0.001
IGLV5-3RO5	IGLV5-3RO5*04	0.001
IGLV5-UW3K	IGLV5-UW3K*01	0.001
IGLV5-UW3K	IGLV5-UW3K*02	0.001
IGLV5-Y6D5	IGLV5-Y6D5*01	0.001
IGLV6-43U5	IGLV6-43U5*03	0.001
IGLV6-T6U4	IGLV6-T6U4*05	0.001
IGLV6-U6JC	IGLV6-U6JC*01/IGLV6-U6JC*13	0.001
IGLV6-U6JC	IGLV6-U6JC*09	0.001
IGLV7-BWVJ	IGLV7-BWVJ*02	0.001
IGLJ2-4GA4	IGLJ2-4GA4*01	0.001
IGLJ2-LMZW	IGLJ2-LMZW*01	0.001
IGLJ2-XOP7	IGLJ2-XOP7*01	0.001
IGLJ2-YWNK	IGLJ2-YWNK*01	0.001
IGLJ7-3R4H	IGLJ7-3R4H*02	0.002
IGLJ7-3R4H	IGLJ7-3R4H*01	0.002
IGLJ7-JLWC	IGLJ7-JLWC*01	0.001
IGLJ9-PIRL	IGLJ9-PIRL*01	0.002
IGLJ7-SPEB	IGLJ7-SPEB*01	0.001
IGLJ7-ZOTR	IGLJ7-ZOTR*01	0.001
IGLJ8-U5VX	IGLJ8-U5VX*01	0.001
IGKV1-2CRK	IGKV1-2CRK*03	0.001
IGKV1-2CRK	IGKV1-2CRK*05	0.001
IGKV1-2CRK	IGKV1-2CRK*06	0.001
IGKV1-2KYC	IGKV1-2KYC*02	0.001
IGKV1-2WKU	IGKV1-2WKU*10	0.001
IGKV1-2WKU	IGKV1-2WKU*11	0.001
IGKV1-2WKU	IGKV1-2WKU*13	0.001
IGKV1-2WKU	IGKV1-2WKU*14	0.001
IGKV1-2WKU	IGKV1-2WKU*15	0.001
IGKV1-5WKL	IGKV1-5WKL*03	0.001
IGKV1-5WKL	IGKV1-5WKL*06	0.001
IGKV1-6LII	IGKV1-6LII*03	0.001
IGKV1-6MJ2	IGKV1-6MJ2*01	0.001
IGKV1-7OW5	IGKV1-7OW5*09	0.001
IGKV1-7OW5	IGKV1-7OW5*16	0.001
IGKV1-B6M4	IGKV1-B6M4*05	0.001
IGKV1-BHT5	IGKV1-BHT5*07	0.001
IGKV1-C6ID	IGKV1-C6ID*02	0.001
IGKV1-CL4V	IGKV1-CL4V*02	0.001
IGKV1-CL4V	IGKV1-CL4V*11	0.001
IGKV1-CL4V	IGKV1-CL4V*12	0.001
IGKV1-CL4V	IGKV1-CL4V*14	0.002
IGKV1-CQ6J	IGKV1-CQ6J*02	0.001
IGKV1-EDF3	IGKV1-EDF3*03	0.001
IGKV1-EDF3	IGKV1-EDF3*04	0.001
IGKV1-FF5H	IGKV1-FF5H*05	0.001
IGKV1-HJDQ	IGKV1-HJDQ*01	0.001
IGKV1-IQET	IGKV1-IQET*04	0.001
IGKV1-JRTN	IGKV1-JRTN*10	0.001
IGKV1-LILF	IGKV1-LILF*02	0.001
IGKV1-LILF	IGKV1-LILF*06	0.001
IGKV1-LKT2	IGKV1-LKT2*01	0.001
IGKV1-LKT2	IGKV1-LKT2*05	0.001
IGKV1-LKT2	IGKV1-LKT2*08/IGKV1-LKT2*15	0.002
IGKV1-OOGS	IGKV1-OOGS*02	0.001
IGKV1-OYRW	IGKV1-OYRW*03	0.001
IGKV1-QWTS	IGKV1-QWTS*04	0.001
IGKV1-T2VG	IGKV1-T2VG*03	0.001
IGKV1-Z22Q	IGKV1-Z22Q*13	0.001
IGKV1-ZLLK	IGKV1-ZLLK*04	0.001
IGKV1-ZYRW	IGKV1-ZYRW*02	0.001
IGKV1-ZYRW	IGKV1-ZYRW*04	0.001
IGKV14-IRUA	IGKV14-IRUA*03	0.001
IGKV15-OWRA	IGKV15-OWRA*04	0.001
IGKV17-3ZGD	IGKV17-3ZGD*01	0.001
IGKV17-3ZGD	IGKV17-3ZGD*02	0.001
IGKV18-6TCR	IGKV18-6TCR*02	0.001
IGKV18-6TCR	IGKV18-6TCR*04	0.001
IGKV18-CBIS	IGKV18-CBIS*01	0.001
IGKV18-CBIS	IGKV18-CBIS*03/IGKV18-CBIS*04	0.001
IGKV19-7UKD	IGKV19-7UKD*01	0.001
IGKV19-AOP2	IGKV19-AOP2*03	0.001
IGKV19-ATHQ	IGKV19-ATHQ*02	0.001
IGKV19-ATHQ	IGKV19-ATHQ*04	0.001
IGKV19-EDGP	IGKV19-EDGP*02	0.002
IGKV19-EDGP	IGKV19-EDGP*03	0.001
IGKV19-TVG6	IGKV19-TVG6*04	0.001
IGKV19-W5LH	IGKV19-W5LH*02/IGKV19-W5LH*05	0.001
IGKV5-GWIR	IGKV5-GWIR*03	0.001
IGKV8-3EAT	IGKV8-3EAT*01	0.001
IGKV8-3EAT	IGKV8-3EAT*02	0.001
IGKV8-3EAT	IGKV8-3EAT*08	0.001
IGKV8-7LGD	IGKV8-7LGD*06	0.001
IGKV8-7TR6	IGKV8-7TR6*03	0.001
IGKV8-7TR6	IGKV8-7TR6*06	0.001
IGKV8-A5OK	IGKV8-A5OK*02	0.001
IGKV8-CUUV	IGKV8-CUUV*02	0.002
IGKV8-CUUV	IGKV8-CUUV*04	0.001
IGKV8-CUUV	IGKV8-CUUV*07	0.001
IGKV8-DTZ5	IGKV8-DTZ5*01	0.001
IGKV8-EG5C	IGKV8-EG5C*01	0.001
IGKV8-EOM2	IGKV8-EOM2*01	0.001
IGKV8-EOM2	IGKV8-EOM2*04	0.002
IGKV8-EOM2	IGKV8-EOM2*05	0.001
IGKV8-EOM2	IGKV8-EOM2*08	0.001
IGKV8-HC74	IGKV8-HC74*01	0.001
IGKV8-HC74	IGKV8-HC74*03	0.001
IGKV8-LJWZ	IGKV8-LJWZ*01	0.001
IGKV8-LJWZ	IGKV8-LJWZ*02	0.001
IGKV8-LZS4	IGKV8-LZS4*01	0.001
IGKV8-LZS4	IGKV8-LZS4*06	0.004
IGKV8-PGG2	IGKV8-PGG2*03	0.001
IGKV8-QHYS	IGKV8-QHYS*07	0.001
IGKV8-QNWI	IGKV8-QNWI*02/IGKV8-QNWI*05	0.001
IGKV8-QNWI	IGKV8-QNWI*03	0.001
IGKV8-RGFL	IGKV8-RGFL*04	0.001
IGKV8-WE66	IGKV8-WE66*02	0.001
IGKV8-WE66	IGKV8-WE66*05	0.001
IGKV8-XOAA	IGKV8-XOAA*03	0.001
IGKV8-YUNW	IGKV8-YUNW*02	0.001
IGKV1-2KYC	IGKV1-2KYC*04	0.002
IGKV1-2KYC	IGKV1-2KYC*07	0.001
IGKV1-2WKU	IGKV1-2WKU*01	0.001
IGKV1-5WKL	IGKV1-5WKL*08	0.001
IGKV1-6LII	IGKV1-6LII*02	0.001
IGKV1-6LII	IGKV1-6LII*05	0.001
IGKV1-7OW5	IGKV1-7OW5*13	0.001
IGKV1-B6M4	IGKV1-B6M4*06/IGKV1-B6M4*09/IGKV1-B6M4*10	0.002
IGKV1-BHT5	IGKV1-BHT5*03	0.001
IGKV1-CQ6J	IGKV1-CQ6J*07	0.001
IGKV1-EDF3	IGKV1-EDF3*02	0.001
IGKV1-EDF3	IGKV1-EDF3*05	0.001
IGKV1-HJDQ	IGKV1-HJDQ*09	0.001
IGKV1-IQET	IGKV1-IQET*06	0.001
IGKV1-IQET	IGKV1-IQET*08	0.001
IGKV1-LK5T	IGKV1-LK5T*04/IGKV1-LK5T*05	0.001
IGKV1-ZYRW	IGKV1-ZYRW*01	0.001
IGKV14-2QHW	IGKV14-2QHW*01	0.001
IGKV14-IRUA	IGKV14-IRUA*02	0.001
IGKV15-OWRA	IGKV15-OWRA*03	0.001
IGKV17-3ZGD	IGKV17-3ZGD*03	0.001
IGKV19-6QFR	IGKV19-6QFR*03	0.001
IGKV19-AOP2	IGKV19-AOP2*01	0.001
IGKV19-CEBD	IGKV19-CEBD*07	0.001
IGKV19-EDGP	IGKV19-EDGP*07	0.001
IGKV19-FMAS	IGKV19-FMAS*01	0.001
IGKV19-FMAS	IGKV19-FMAS*08	0.001
IGKV19-LU4T	IGKV19-LU4T*01	0.001
IGKV19-LU4T	IGKV19-LU4T*13	0.001
IGKV19-TVG6	IGKV19-TVG6*01	0.001
IGKV8-3EAT	IGKV8-3EAT*04	0.001
IGKV8-5WB2	IGKV8-5WB2*02	0.006
IGKV8-7LGD	IGKV8-7LGD*05	0.004
IGKV8-A5OK	IGKV8-A5OK*03	0.004
IGKV8-QHYS	IGKV8-QHYS*04	0.001
IGKV8-RGFL	IGKV8-RGFL*01	0.001
IGKV1-2CRK	IGKV1-2CRK*04	0.001
IGKV1-3FP6	IGKV1-3FP6*01	0.003
IGKV1-6B4R	IGKV1-6B4R*01	0.002
IGKV1-6LII	IGKV1-6LII*04	0.001
IGKV1-7OW5	IGKV1-7OW5*02	0.001
IGKV1-CL4V	IGKV1-CL4V*01	0.001
IGKV1-HJDQ	IGKV1-HJDQ*11	0.001
IGKV1-HSOV	IGKV1-HSOV*05	0.001
IGKV1-LILF	IGKV1-LILF*01	0.002
IGKV1-LILF	IGKV1-LILF*05	0.001
IGKV1-LKT2	IGKV1-LKT2*14	0.001
IGKV1-OOGS	IGKV1-OOGS*07	0.001
IGKV1-QWTS	IGKV1-QWTS*06	0.001
IGKV1-UB7T	IGKV1-UB7T*07	0.001
IGKV1-ZLLK	IGKV1-ZLLK*06	0.001
IGKV14-IRUA	IGKV14-IRUA*01	0.001
IGKV19-6QFR	IGKV19-6QFR*01	0.001
IGKV19-6QFR	IGKV19-6QFR*02	0.001
IGKV19-7UKD	IGKV19-7UKD*09	0.001
IGKV19-AOP2	IGKV19-AOP2*02	0.001
IGKV19-AOP2	IGKV19-AOP2*06	0.001
IGKV19-ATHQ	IGKV19-ATHQ*01	0.001
IGKV19-E7WP	IGKV19-E7WP*02	0.003
IGKV19-EDGP	IGKV19-EDGP*04	0.001
IGKV19-TVG6	IGKV19-TVG6*02	0.001
IGKV19-W3Y5	IGKV19-W3Y5*02	0.001
IGKV5-GWIR	IGKV5-GWIR*02	0.001
IGKV8-3EAT	IGKV8-3EAT*05	0.001
IGKV8-A5OK	IGKV8-A5OK*04/IGKV8-A5OK*05	0.001
IGKV8-DTZ5	IGKV8-DTZ5*07	0.002
IGKV8-HC74	IGKV8-HC74*04	0.001
IGKV8-HC74	IGKV8-HC74*05	0.001
IGKV8-LJWZ	IGKV8-LJWZ*04	0.001
IGKV8-LJWZ	IGKV8-LJWZ*05	0.001
IGKV8-LZS4	IGKV8-LZS4*02	0.001
IGKV8-QHYS	IGKV8-QHYS*01	0.001
IGKV8-QHYS	IGKV8-QHYS*06	0.001
IGKV8-QHYS	IGKV8-QHYS*13	0.001
IGKV8-WE66	IGKV8-WE66*10	0.003
IGKV8-YUNW	IGKV8-YUNW*01	0.001
IGKV8-YUNW	IGKV8-YUNW*09	0.001
IGKV1-6MJ2	IGKV1-6MJ2*02	0.001
IGKV1-7OW5	IGKV1-7OW5*14	0.001
IGKV1-BHT5	IGKV1-BHT5*04	0.001
IGKV1-EDF3	IGKV1-EDF3*06	0.001
IGKV1-EVIA	IGKV1-EVIA*01/IGKV1-EVIA*03	0.006
IGKV1-JRTN	IGKV1-JRTN*06	0.001
IGKV1-JRTN	IGKV1-JRTN*11/IGKV1-JRTN*12	0.001
IGKV1-LKT2	IGKV1-LKT2*03/IGKV1-LKT2*07/IGKV1-LKT2*12	0.001
IGKV1-O43I	IGKV1-O43I*01	0.001
IGKV1-O43I	IGKV1-O43I*03	0.001
IGKV1-UB7T	IGKV1-UB7T*04	0.002
IGKV1-ZLLK	IGKV1-ZLLK*05	0.001
IGKV19-AOP2	IGKV19-AOP2*08	0.001
IGKV19-ATHQ	IGKV19-ATHQ*07	0.001
IGKV19-ATHQ	IGKV19-ATHQ*10	0.001
IGKV19-ATHQ	IGKV19-ATHQ*12	0.001
IGKV19-LU4T	IGKV19-LU4T*11	0.001
IGKV19-TVG6	IGKV19-TVG6*07	0.001
IGKV5-GWIR	IGKV5-GWIR*01	0.001
IGKV5-OWMC	IGKV5-OWMC*01	0.001
IGKV8-7LGD	IGKV8-7LGD*07	0.001
IGKV8-DTZ5	IGKV8-DTZ5*03	0.001
IGKV8-DTZ5	IGKV8-DTZ5*05	0.001
IGKV8-WE66	IGKV8-WE66*11	0.001
IGKV1-2KYC	IGKV1-2KYC*03	0.001
IGKV1-2WKU	IGKV1-2WKU*05	0.001
IGKV1-C6ID	IGKV1-C6ID*03	0.001
IGKV1-CQ6J	IGKV1-CQ6J*03	0.001
IGKV1-JRTN	IGKV1-JRTN*03	0.001
IGKV1-JRTN	IGKV1-JRTN*15	0.001
IGKV1-LILF	IGKV1-LILF*03	0.001
IGKV1-QWTS	IGKV1-QWTS*05	0.001
IGKV19-CEBD	IGKV19-CEBD*01	0.001
IGKV19-EDGP	IGKV19-EDGP*05	0.001
IGKV19-TVG6	IGKV19-TVG6*06	0.002
IGKV19-W5LH	IGKV19-W5LH*04	0.001
IGKV8-7TR6	IGKV8-7TR6*08	0.001
IGKV8-A5OK	IGKV8-A5OK*01	0.001
IGKV8-CUUV	IGKV8-CUUV*05	0.001
IGKV8-EOM2	IGKV8-EOM2*02	0.005
IGKV8-LJWZ	IGKV8-LJWZ*07	0.001
IGKV8-LZS4	IGKV8-LZS4*08	0.001
IGKV8-PGG2	IGKV8-PGG2*01	0.001
IGKV8-PGG2	IGKV8-PGG2*02	0.001
IGKV1-2WKU	IGKV1-2WKU*02	0.001
IGKV1-5WKL	IGKV1-5WKL*07	0.006
IGKV1-7OW5	IGKV1-7OW5*03	0.001
IGKV1-HJDQ	IGKV1-HJDQ*06	0.001
IGKV1-HJDQ	IGKV1-HJDQ*12	0.001
IGKV19-AOP2	IGKV19-AOP2*04	0.001
IGKV19-CEBD	IGKV19-CEBD*08	0.001
IGKV19-E7WP	IGKV19-E7WP*01	0.001
IGKV8-EOM2	IGKV8-EOM2*09	0.001
IGKV8-LZS4	IGKV8-LZS4*07	0.001
IGKV1-2KYC	IGKV1-2KYC*01	0.001
IGKV1-2WKU	IGKV1-2WKU*03	0.001
IGKV1-CL4V	IGKV1-CL4V*10	0.001
IGKV1-HSOV	IGKV1-HSOV*04	0.001
IGKV1-JRTN	IGKV1-JRTN*01	0.001
IGKV1-LK5T	IGKV1-LK5T*03	0.001
IGKV1-QWTS	IGKV1-QWTS*01	0.001
IGKV1-T2VG	IGKV1-T2VG*01	0.001
IGKV1-ZLLK	IGKV1-ZLLK*01	0.001
IGKV15-OWRA	IGKV15-OWRA*01	0.001
IGKV19-AOP2	IGKV19-AOP2*07	0.001
IGKV19-W3Y5	IGKV19-W3Y5*01	0.001
IGKV8-7LGD	IGKV8-7LGD*01	0.001
IGKV8-7TR6	IGKV8-7TR6*01	0.001
IGKV8-QHYS	IGKV8-QHYS*03	0.001
IGKV8-QHYS	IGKV8-QHYS*09	0.001
IGKV8-XOAA	IGKV8-XOAA*01	0.001
IGKV1-2WKU	IGKV1-2WKU*06	0.002
IGKV1-7OW5	IGKV1-7OW5*15	0.001
IGKV8-DTZ5	IGKV8-DTZ5*02	0.001
IGKV1-2WKU	IGKV1-2WKU*12	0.001
IGKV19-CEBD	IGKV19-CEBD*03	0.001
IGKV8-7LGD	IGKV8-7LGD*03	0.001
IGKV1-2WKU	IGKV1-2WKU*07	0.001
IGKV1-6LII	IGKV1-6LII*01	0.001
IGKV1-BHT5	IGKV1-BHT5*02	0.001
IGKV1-HJDQ	IGKV1-HJDQ*07	0.001
IGKV1-IQET	IGKV1-IQET*07	0.001
IGKV1-JRTN	IGKV1-JRTN*09	0.001
IGKV1-RYUQ	IGKV1-RYUQ*01	0.001
IGKV1-ZLLK	IGKV1-ZLLK*02	0.001
IGKV19-CEBD	IGKV19-CEBD*06	0.001
IGKV19-FKIG	IGKV19-FKIG*05	0.001
IGKV19-TVG6	IGKV19-TVG6*05	0.001
IGKV8-WE66	IGKV8-WE66*04	0.001
IGKV1-B6M4	IGKV1-B6M4*07	0.001
IGKV1-ZLLK	IGKV1-ZLLK*03	0.001
IGKV1-ZYRW	IGKV1-ZYRW*05	0.001
IGKV18-6TCR	IGKV18-6TCR*01	0.001
IGKV18-CBIS	IGKV18-CBIS*02	0.001
IGKV19-W5LH	IGKV19-W5LH*01	0.001
IGKV8-CUUV	IGKV8-CUUV*03	0.001
IGKV8-EG5C	IGKV8-EG5C*03	0.001
IGKV1-2WKU	IGKV1-2WKU*04	0.001
IGKV1-7OW5	IGKV1-7OW5*10	0.001
IGKV1-BHT5	IGKV1-BHT5*08	0.001
IGKV1-CQ6J	IGKV1-CQ6J*06	0.001
IGKV1-HSOV	IGKV1-HSOV*07	0.001
IGKV19-ATHQ	IGKV19-ATHQ*03	0.001
IGKV19-ATHQ	IGKV19-ATHQ*08	0.001
IGKV8-EG5C	IGKV8-EG5C*02	0.001
IGKV8-EOM2	IGKV8-EOM2*06	0.001
IGKV8-LJWZ	IGKV8-LJWZ*03	0.001
IGKV1-2KYC	IGKV1-2KYC*08	0.001
IGKV19-FKIG	IGKV19-FKIG*03/IGKV19-FKIG*06	0.001
IGKV8-5WB2	IGKV8-5WB2*03	0.001
IGKV1-2KYC	IGKV1-2KYC*06	0.001
IGKV1-EVIA	IGKV1-EVIA*04	0.001
IGKV1-OYRW	IGKV1-OYRW*08	0.001
IGKV8-HC74	IGKV8-HC74*06	0.001
IGKV1-2KYC	IGKV1-2KYC*05	0.002
IGKV1-7OW5	IGKV1-7OW5*01	0.001
IGKV1-IQET	IGKV1-IQET*05	0.001
IGKV1-FF5H	IGKV1-FF5H*06	0.001
IGKV1-VC23	IGKV1-VC23*01	0.001
IGKV19-7UKD	IGKV19-7UKD*07	0.001
IGKV19-AOP2	IGKV19-AOP2*09	0.001
IGKV19-EDGP	IGKV19-EDGP*06	0.001
IGKV8-3EAT	IGKV8-3EAT*07	0.001
IGKV8-7LGD	IGKV8-7LGD*04	0.001
IGKV8-QHYS	IGKV8-QHYS*05	0.001
IGKV8-QHYS	IGKV8-QHYS*12	0.001
IGKV8-QNWI	IGKV8-QNWI*01	0.001
IGKV8-WE66	IGKV8-WE66*08	0.001
IGKV1-BHT5	IGKV1-BHT5*09	0.001
IGKV1-JRTN	IGKV1-JRTN*16	0.001
IGKV1-LKT2	IGKV1-LKT2*13	0.001
IGKV19-LU4T	IGKV19-LU4T*08	0.001
IGKV8-2SZ4	IGKV8-2SZ4*17	0.001
IGKV8-3EAT	IGKV8-3EAT*03	0.001
IGKV8-7TR6	IGKV8-7TR6*04	0.001
IGKV8-RQVU	IGKV8-RQVU*01	0.001
IGKV1-CQ6J	IGKV1-CQ6J*08	0.001
IGKV8-DTZ5	IGKV8-DTZ5*06	0.001
IGKV8-WE66	IGKV8-WE66*09	0.001
IGKV1-CQ6J	IGKV1-CQ6J*01	0.001
IGKV1-LKT2	IGKV1-LKT2*09	0.001
IGKV8-DTZ5	IGKV8-DTZ5*04	0.001
IGKV8-WE66	IGKV8-WE66*06	0.001
IGKV11-E3QL	IGKV11-E3QL*01/IGKV11-E3QL*02	0.001
IGKV8-EOM2	IGKV8-EOM2*03	0.001
IGKV19-FKIG	IGKV19-FKIG*01	0.001
IGKV1-C6ID	IGKV1-C6ID*04	0.001
IGKV19-LU4T	IGKV19-LU4T*10	0.001
IGKV1-IQET	IGKV1-IQET*02	0.001
IGKV19-W5LH	IGKV19-W5LH*03	0.001
IGKV1-CL4V	IGKV1-CL4V*09	0.001
IGKV19-ATHQ	IGKV19-ATHQ*09	0.001
IGKV8-HC74	IGKV8-HC74*02	0.001
IGKV1-LKT2	IGKV1-LKT2*10	0.001
IGKV8-QNWI	IGKV8-QNWI*04	0.001
IGKV19-TVG6	IGKV19-TVG6*03	0.001
IGKV1-HSOV	IGKV1-HSOV*01	0.001
IGKV12-DMH6	IGKV12-DMH6*03	0.001
IGKV1-HSOV	IGKV1-HSOV*06	0.001
IGKV8-WE66	IGKV8-WE66*01	0.002
IGKV1-2WKU	IGKV1-2WKU*17	0.001
IGKV8-7TR6	IGKV8-7TR6*05	0.001
IGKV19-LU4T	IGKV19-LU4T*09	0.001
IGKV19-ATHQ	IGKV19-ATHQ*11	0.001
IGKV1-OOGS	IGKV1-OOGS*01	0.001
IGKV19-E7WP	IGKV19-E7WP*03	0.001
IGKV19-EDGP	IGKV19-EDGP*01	0.001
IGKV1-B6M4	IGKV1-B6M4*08	0.001
IGKV19-AOP2	IGKV19-AOP2*05	0.001
IGKV19-LU4T	IGKV19-LU4T*12	0.001
IGKV1-7OW5	IGKV1-7OW5*12	0.001
IGKV19-W3Y5	IGKV19-W3Y5*07	0.001
IGKV1-LKT2	IGKV1-LKT2*11	0.001
IGKV1-2CRK	IGKV1-2CRK*08	0.001
IGKV1-2CRK	IGKV1-2CRK*01	0.001
IGKV1-2CRK	IGKV1-2CRK*02	0.001
IGKV1-2CRK	IGKV1-2CRK*07	0.001
IGKV1-2WKU	IGKV1-2WKU*16	0.001
IGKV1-2WKU	IGKV1-2WKU*20	0.001
IGKV1-4YW5	IGKV1-4YW5*01	0.001
IGKV1-4YW5	IGKV1-4YW5*02	0.001
IGKV1-4YW5	IGKV1-4YW5*03	0.001
IGKV1-4YW5	IGKV1-4YW5*04	0.001
IGKV1-5WKL	IGKV1-5WKL*01	0.001
IGKV1-5WKL	IGKV1-5WKL*02	0.001
IGKV1-5WKL	IGKV1-5WKL*04	0.001
IGKV1-5WKL	IGKV1-5WKL*05	0.001
IGKV1-6B4R	IGKV1-6B4R*02	0.001
IGKV1-6P2I	IGKV1-6P2I*01	0.001
IGKV1-6P2I	IGKV1-6P2I*02	0.001
IGKV1-7CWE	IGKV1-7CWE*01	0.001
IGKV1-7CWE	IGKV1-7CWE*02	0.001
IGKV1-7CWE	IGKV1-7CWE*03	0.001
IGKV1-7OW5	IGKV1-7OW5*08	0.001
IGKV1-7OW5	IGKV1-7OW5*11	0.001
IGKV1-7OW5	IGKV1-7OW5*17	0.001
IGKV1-7OW5	IGKV1-7OW5*18	0.001
IGKV1-ACWK	IGKV1-ACWK*08	0.001
IGKV1-AUQR	IGKV1-AUQR*01	0.001
IGKV1-B6M4	IGKV1-B6M4*01	0.001
IGKV1-B6M4	IGKV1-B6M4*02	0.001
IGKV1-B6M4	IGKV1-B6M4*03	0.001
IGKV1-B6M4	IGKV1-B6M4*04	0.001
IGKV1-BHT5	IGKV1-BHT5*01	0.001
IGKV1-BHT5	IGKV1-BHT5*05	0.001
IGKV1-BHT5	IGKV1-BHT5*06	0.001
IGKV1-C6ID	IGKV1-C6ID*01	0.001
IGKV1-CL4V	IGKV1-CL4V*04	0.001
IGKV1-CL4V	IGKV1-CL4V*05	0.001
IGKV1-CL4V	IGKV1-CL4V*06	0.001
IGKV1-CL4V	IGKV1-CL4V*07	0.001
IGKV1-CL4V	IGKV1-CL4V*08	0.001
IGKV1-CQ6J	IGKV1-CQ6J*04	0.001
IGKV1-CQ6J	IGKV1-CQ6J*05	0.001
IGKV1-CWVM	IGKV1-CWVM*01	0.001
IGKV1-DLWB	IGKV1-DLWB*01	0.001
IGKV1-EDF3	IGKV1-EDF3*01	0.001
IGKV1-FF5H	IGKV1-FF5H*01	0.001
IGKV1-FF5H	IGKV1-FF5H*02	0.001
IGKV1-FF5H	IGKV1-FF5H*03	0.001
IGKV1-FF5H	IGKV1-FF5H*04	0.001
IGKV1-FUJJ	IGKV1-FUJJ*01	0.001
IGKV1-HJDQ	IGKV1-HJDQ*02	0.001
IGKV1-HJDQ	IGKV1-HJDQ*03	0.001
IGKV1-HJDQ	IGKV1-HJDQ*04	0.001
IGKV1-HJDQ	IGKV1-HJDQ*05	0.001
IGKV1-HJDQ	IGKV1-HJDQ*08	0.001
IGKV1-HJDQ	IGKV1-HJDQ*10	0.001
IGKV1-HO7L	IGKV1-HO7L*01	0.001
IGKV1-HO7L	IGKV1-HO7L*02	0.001
IGKV1-HSOV	IGKV1-HSOV*02	0.001
IGKV1-HSOV	IGKV1-HSOV*08	0.001
IGKV1-HSOV	IGKV1-HSOV*09	0.001
IGKV1-IQET	IGKV1-IQET*01	0.001
IGKV1-IQET	IGKV1-IQET*03	0.001
IGKV1-JRTN	IGKV1-JRTN*02	0.001
IGKV1-JRTN	IGKV1-JRTN*04	0.001
IGKV1-JRTN	IGKV1-JRTN*05	0.001
IGKV1-JRTN	IGKV1-JRTN*07	0.001
IGKV1-JRTN	IGKV1-JRTN*08	0.001
IGKV1-JRTN	IGKV1-JRTN*13	0.001
IGKV1-JRTN	IGKV1-JRTN*14	0.001
IGKV1-KXQ5	IGKV1-KXQ5*01	0.001
IGKV1-KXQ5	IGKV1-KXQ5*02	0.001
IGKV1-KXQ5	IGKV1-KXQ5*03	0.001
IGKV1-KXQ5	IGKV1-KXQ5*04	0.001
IGKV1-LILF	IGKV1-LILF*04	0.001
IGKV1-LJEY	IGKV1-LJEY*01	0.001
IGKV1-LK5T	IGKV1-LK5T*01	0.001
IGKV1-LK5T	IGKV1-LK5T*02	0.001
IGKV1-MIM3	IGKV1-MIM3*01	0.001
IGKV1-MIM3	IGKV1-MIM3*02	0.001
IGKV1-O43I	IGKV1-O43I*04	0.001
IGKV1-OOGS	IGKV1-OOGS*03	0.001
IGKV1-OOGS	IGKV1-OOGS*04	0.001
IGKV1-OOGS	IGKV1-OOGS*05	0.001
IGKV1-OOGS	IGKV1-OOGS*06	0.001
IGKV1-OYRW	IGKV1-OYRW*01	0.001
IGKV1-OYRW	IGKV1-OYRW*02	0.001
IGKV1-OYRW	IGKV1-OYRW*05	0.001
IGKV1-OYRW	IGKV1-OYRW*06	0.001
IGKV1-OYRW	IGKV1-OYRW*07	0.001
IGKV1-OYRW	IGKV1-OYRW*09	0.001
IGKV1-QWTS	IGKV1-QWTS*02	0.001
IGKV1-QWTS	IGKV1-QWTS*03	0.001
IGKV1-QWTS	IGKV1-QWTS*07	0.001
IGKV1-T2VG	IGKV1-T2VG*02	0.001
IGKV1-UB7T	IGKV1-UB7T*01	0.001
IGKV1-UB7T	IGKV1-UB7T*03	0.001
IGKV1-UB7T	IGKV1-UB7T*05	0.001
IGKV1-UB7T	IGKV1-UB7T*06	0.001
IGKV1-VM5J	IGKV1-VM5J*01	0.001
IGKV1-WGWJ	IGKV1-WGWJ*01	0.001
IGKV1-X3UN	IGKV1-X3UN*01	0.001
IGKV1-X3UN	IGKV1-X3UN*02	0.001
IGKV1-X3UN	IGKV1-X3UN*03	0.001
IGKV1-X3UN	IGKV1-X3UN*04	0.001
IGKV1-Z22Q	IGKV1-Z22Q*01	0.001
IGKV1-Z22Q	IGKV1-Z22Q*02	0.001
IGKV1-Z22Q	IGKV1-Z22Q*03	0.001
IGKV1-Z22Q	IGKV1-Z22Q*04	0.001
IGKV1-Z22Q	IGKV1-Z22Q*05	0.001
IGKV1-ZIOR	IGKV1-ZIOR*01	0.001
IGKV1-ZYRW	IGKV1-ZYRW*03	0.001
IGKV1-ZYRW	IGKV1-ZYRW*06	0.001
IGKV1-ZYRW	IGKV1-ZYRW*07	0.001
IGKV10-7UZD	IGKV10-7UZD*01	0.001
IGKV10-7UZD	IGKV10-7UZD*02	0.001
IGKV10-B432	IGKV10-B432*01	0.001
IGKV11-ZWEU	IGKV11-ZWEU*01	0.001
IGKV12-DMH6	IGKV12-DMH6*01	0.001
IGKV12-DMH6	IGKV12-DMH6*02	0.001
IGKV15-OWRA	IGKV15-OWRA*02	0.001
IGKV18-6TCR	IGKV18-6TCR*03	0.001
IGKV19-7UKD	IGKV19-7UKD*08	0.001
IGKV19-ATHQ	IGKV19-ATHQ*05	0.001
IGKV19-ATHQ	IGKV19-ATHQ*06	0.001
IGKV19-ATHQ	IGKV19-ATHQ*13	0.001
IGKV19-ATHQ	IGKV19-ATHQ*14	0.001
IGKV19-CEBD	IGKV19-CEBD*02	0.001
IGKV19-CEBD	IGKV19-CEBD*04	0.001
IGKV19-CEBD	IGKV19-CEBD*05	0.001
IGKV19-E7WP	IGKV19-E7WP*04	0.001
IGKV19-FKIG	IGKV19-FKIG*02	0.001
IGKV19-FKIG	IGKV19-FKIG*04	0.001
IGKV19-FMAS	IGKV19-FMAS*06	0.001
IGKV19-FMAS	IGKV19-FMAS*07	0.001
IGKV19-FMAS	IGKV19-FMAS*09	0.001
IGKV19-FMAS	IGKV19-FMAS*10	0.001
IGKV19-LU4T	IGKV19-LU4T*07	0.001
IGKV19-LU4T	IGKV19-LU4T*14	0.001
IGKV19-UK4L	IGKV19-UK4L*01	0.001
IGKV19-W3Y5	IGKV19-W3Y5*04	0.001
IGKV19-W3Y5	IGKV19-W3Y5*05	0.001
IGKV19-W3Y5	IGKV19-W3Y5*06	0.001
IGKV8-3EAT	IGKV8-3EAT*06	0.001
IGKV8-5WB2	IGKV8-5WB2*01	0.001
IGKV8-5XBI	IGKV8-5XBI*01	0.001
IGKV8-7LGD	IGKV8-7LGD*02	0.001
IGKV8-7TR6	IGKV8-7TR6*02	0.001
IGKV8-7TR6	IGKV8-7TR6*07	0.001
IGKV8-CUUV	IGKV8-CUUV*01	0.001
IGKV8-CUUV	IGKV8-CUUV*06	0.001
IGKV8-EOM2	IGKV8-EOM2*13	0.001
IGKV8-LF7B	IGKV8-LF7B*01	0.001
IGKV8-LJWZ	IGKV8-LJWZ*06	0.001
IGKV8-PGG2	IGKV8-PGG2*04	0.001
IGKV8-QHYS	IGKV8-QHYS*08	0.001
IGKV8-QHYS	IGKV8-QHYS*10	0.001
IGKV8-RGFL	IGKV8-RGFL*02	0.001
IGKV8-RGFL	IGKV8-RGFL*03	0.001
IGKV8-RQVU	IGKV8-RQVU*02	0.001
IGKV8-RQVU	IGKV8-RQVU*03	0.001
IGKV8-XOAA	IGKV8-XOAA*02	0.001
IGKV8-YUNW	IGKV8-YUNW*03	0.001
IGKV8-ZBTP	IGKV8-ZBTP*01	0.001
IGKV8-ZTTY	IGKV8-ZTTY*01	0.001
IGKV8-ZTTY	IGKV8-ZTTY*02	0.001
IGKV8-ZTTY	IGKV8-ZTTY*03	0.001
IGKV8-ZTTY	IGKV8-ZTTY*04	0.001
IGKV8-ZTTY	IGKV8-ZTTY*05	0.001
IGKV8-ZTTY	IGKV8-ZTTY*07	0.001
IGHJ1-PVVP	IGHJ1-PVVP*01	0.001
IGHJ1-PVVP	IGHJ1-PVVP*02	0.001
IGHJ2-DDLH	IGHJ2-DDLH*01	0.001
IGHJ2-DDLH	IGHJ2-DDLH*02	0.001
IGHJ3-XRNC	IGHJ3-XRNC*01	0.001
IGHJ4-JSJ6	IGHJ4-JSJ6*01	0.001
IGHJ4-JSJ6	IGHJ4-JSJ6*02	0.02
IGHJ5-MIQL	IGHJ5-MIQL*02	0.002
IGHJ5-MIQL	IGHJ5-MIQL*03	0.003
IGHJ5-XD6S	IGHJ5-XD6S*03	0.001
IGHJ6-GAIV	IGHJ6-GAIV*01	0.001
IGHJ5-MIQL	IGHJ5-MIQL*01	0.001
IGHJ5-XD6S	IGHJ5-XD6S*01	0.001
IGHJ6-GAIV	IGHJ6-GAIV*02	0.001
IGHJ5-XD6S	IGHJ5-XD6S*02	0.001
IGHD1-2J4B	IGHD1-2J4B*01	0.002
IGHD1-2J4B	IGHD1-2J4B*02	0.002
IGHD1-BAAI	IGHD1-BAAI*01	0.001
IGHD1-BAAI	IGHD1-BAAI*02	0.009
IGHD1-BAAI	IGHD1-BAAI*03	0.001
IGHD1-GRMY	IGHD1-GRMY*01	0.001
IGHD1-GRMY	IGHD1-GRMY*02	0.001
IGHD1-GRMY	IGHD1-GRMY*03	0.001
IGHD1-GRMY	IGHD1-GRMY*04	0.001
IGHD1-GRMY	IGHD1-GRMY*05	0.002
IGHD1-QQWR	IGHD1-QQWR*01	0.001
IGHD1-RIPD	IGHD1-RIPD*01	0.001
IGHD1-RIPD	IGHD1-RIPD*02	0.007
IGHD11-B3VX	IGHD11-B3VX*01	0.001
IGHD14-5Q35	IGHD14-5Q35*09	0.004
IGHD14-5Q35	IGHD14-5Q35*10	0.006
IGHD14-ANVS	IGHD14-ANVS*01	0.001
IGHD18-75EJ	IGHD18-75EJ*01	0.002
IGHD18-75EJ	IGHD18-75EJ*03	0.001
IGHD19-GADR	IGHD19-GADR*01	0.001
IGHD20-72Z4	IGHD20-72Z4*01	0.002
IGHD20-72Z4	IGHD20-72Z4*02	0.004
IGHD20-VBVC	IGHD20-VBVC*01	0.001
IGHD21-ELDI	IGHD21-ELDI*01	0.001
IGHD21-ELDI	IGHD21-ELDI*02	0.006
IGHD21-JYXZ	IGHD21-JYXZ*01	0.001
IGHD21-QKRU	IGHD21-QKRU*01	0.001
IGHD21-QKRU	IGHD21-QKRU*02	0.003
IGHD21-QKRU	IGHD21-QKRU*03	0.001
IGHD21-QKRU	IGHD21-QKRU*04	0.001
IGHD21-QKRU	IGHD21-QKRU*05	0.001
IGHD22-AWN2	IGHD22-AWN2*01	0.007
IGHD22-AWN2	IGHD22-AWN2*02	0.006
IGHD22-AWN2	IGHD22-AWN2*04	0.001
IGHD22-AWN2	IGHD22-AWN2*05	0.001
IGHD22-ZLQB	IGHD22-ZLQB*01	0.001
IGHD22-ZLQB	IGHD22-ZLQB*02	0.001
IGHD23-PSVV	IGHD23-PSVV*01	0.001
IGHD24-HJME	IGHD24-HJME*01	0.007
IGHD3-X76R	IGHD3-X76R*01	0.001
IGHD3-X76R	IGHD3-X76R*02	0.009
IGHD3-X76R	IGHD3-X76R*03	0.001
IGHD3-X76R	IGHD3-X76R*04	0.005
IGHD3-X76R	IGHD3-X76R*05	0.002
IGHD4-NW5N	IGHD4-NW5N*01	0.001
IGHD4-NW5N	IGHD4-NW5N*02	0.004
IGHD4-NW5N	IGHD4-NW5N*04	0.006
IGHD7-7HR7	IGHD7-7HR7*01	0.002
IGHD7-7HR7	IGHD7-7HR7*02	0.001
IGHD7-C7RJ	IGHD7-C7RJ*01	0.02
IGHD8-SXKU	IGHD8-SXKU*01	0.001
IGHD9-64ZP	IGHD9-64ZP*01	0.001
IGHD9-64ZP	IGHD9-64ZP*02	0.002
IGHD9-64ZP	IGHD9-64ZP*03	0.001
IGHD9-64ZP	IGHD9-64ZP*04	0.005
IGHD9-DWON	IGHD9-DWON*01	0.006
IGHD9-DWON	IGHD9-DWON*02	0.001
IGHD9-LDSS	IGHD9-LDSS*01	0.004
IGHD9-LDSS	IGHD9-LDSS*02	0.001
IGHD9-T3KD	IGHD9-T3KD*01	0.001
IGHD18-75EJ	IGHD18-75EJ*02	0.001
IGHD21-B4TS	IGHD21-B4TS*01	0.003
IGHD21-B4TS	IGHD21-B4TS*04	0.008
IGHD4-NW5N	IGHD4-NW5N*03	0.02
IGHD4-NW5N	IGHD4-NW5N*05	0.001
IGHV1-BSGF	IGHV1-BSGF*05	2e-04
IGHV1-FO6G	IGHV1-FO6G*01	1e-04
IGHV1-ISRF	IGHV1-ISRF*08	1e-04
IGHV1-ISRF	IGHV1-ISRF*10	0.003
IGHV1-ISRF	IGHV1-ISRF*15	1e-04
IGHV1-JHF7	IGHV1-JHF7*01	8e-04
IGHV1-JIGE	IGHV1-JIGE*01	1e-04
IGHV1-TNJW	IGHV1-TNJW*02	2e-04
IGHV1-TNJW	IGHV1-TNJW*03	1e-04
IGHV1-VCNV	IGHV1-VCNV*03	1e-04
IGHV1-Y7SR	IGHV1-Y7SR*03	1e-04
IGHV1-Y7SR	IGHV1-Y7SR*04	3e-04
IGHV13-PSOC	IGHV13-PSOC*02	1e-04
IGHV2-4QUM	IGHV2-4QUM*06/IGHV2-4QUM*09	1e-04
IGHV2-4QUM	IGHV2-4QUM*11/IGHV2-4QUM*12	1e-04
IGHV2-5VX5	IGHV2-5VX5*11	1e-04
IGHV2-5VX5	IGHV2-5VX5*12/IGHV2-5VX5*13	2e-04
IGHV2-DCLT	IGHV2-DCLT*06	1e-04
IGHV2-DPJA	IGHV2-DPJA*12	5e-04
IGHV3-37F2	IGHV3-37F2*02	1e-04
IGHV3-4PJH	IGHV3-4PJH*02	1e-04
IGHV3-4PJH	IGHV3-4PJH*10	8e-04
IGHV3-4PJH	IGHV3-4PJH*13	2e-04
IGHV3-4PJH	IGHV3-4PJH*28	3e-04
IGHV3-4PJH	IGHV3-4PJH*29	1e-04
IGHV3-4RPY	IGHV3-4RPY*01	1e-04
IGHV3-7HCW	IGHV3-7HCW*03	2e-04
IGHV3-A7N6	IGHV3-A7N6*03	1e-04
IGHV3-B5E7	IGHV3-B5E7*03	1e-04
IGHV3-B5E7	IGHV3-B5E7*07	1e-04
IGHV3-BKKC	IGHV3-BKKC*06	1e-04
IGHV3-BKKC	IGHV3-BKKC*12	1e-04
IGHV3-C4HU	IGHV3-C4HU*06	2e-04
IGHV3-DCTO	IGHV3-DCTO*03	1e-04
IGHV3-DCTO	IGHV3-DCTO*07	1e-04
IGHV3-DY3H	IGHV3-DY3H*03	1e-04
IGHV3-GYPG	IGHV3-GYPG*01	1e-04
IGHV3-GYPG	IGHV3-GYPG*19	1e-04
IGHV3-HFYN	IGHV3-HFYN*04	5e-04
IGHV3-HFYN	IGHV3-HFYN*11	1e-04
IGHV3-I3JG	IGHV3-I3JG*01	1e-04
IGHV3-L7BK	IGHV3-L7BK*08	2e-04
IGHV3-MGEX	IGHV3-MGEX*03	1e-04
IGHV3-MGEX	IGHV3-MGEX*05	6e-04
IGHV3-MGEX	IGHV3-MGEX*07	0.006
IGHV3-MGEX	IGHV3-MGEX*08	2e-04
IGHV3-PHO7	IGHV3-PHO7*01	1e-04
IGHV3-RRYX	IGHV3-RRYX*07	4e-04
IGHV3-RSQ5	IGHV3-RSQ5*03	5e-04
IGHV3-X5LH	IGHV3-X5LH*05	1e-04
IGHV3-XVTV	IGHV3-XVTV*01	1e-04
IGHV3-XVTV	IGHV3-XVTV*03	2e-04
IGHV4-4M7V	IGHV4-4M7V*04/IGHV4-4M7V*13	2e-04
IGHV4-4V2C	IGHV4-4V2C*02/IGHV4-4V2C*03	2e-04
IGHV4-5ARF	IGHV4-5ARF*03	1e-04
IGHV4-5ARF	IGHV4-5ARF*17	1e-04
IGHV4-5WKJ	IGHV4-5WKJ*08	0.008
IGHV4-5WKJ	IGHV4-5WKJ*09	0.002
IGHV4-5WKJ	IGHV4-5WKJ*12/IGHV4-5WKJ*13	0.003
IGHV4-64DR	IGHV4-64DR*06	1e-04
IGHV4-7PM2	IGHV4-7PM2*13	2e-04
IGHV4-7UKP	IGHV4-7UKP*06/IGHV4-7UKP*07	1e-04
IGHV4-AATP	IGHV4-AATP*03	1e-04
IGHV4-AATP	IGHV4-AATP*04	0.004
IGHV4-AATP	IGHV4-AATP*05/IGHV4-AATP*08	1e-04
IGHV4-EAIX	IGHV4-EAIX*11	0.002
IGHV4-EAIX	IGHV4-EAIX*13	0.002
IGHV4-HDAZ	IGHV4-HDAZ*03/IGHV4-HDAZ*14	1e-04
IGHV4-JA6D	IGHV4-JA6D*10/IGHV4-JA6D*20	2e-04
IGHV4-JA6D	IGHV4-JA6D*19	0.006
IGHV4-JZNW	IGHV4-JZNW*05	7e-04
IGHV4-JZNW	IGHV4-JZNW*11	2e-04
IGHV4-MLR2	IGHV4-MLR2*05	1e-04
IGHV4-MLR2	IGHV4-MLR2*11/IGHV4-MLR2*12	2e-04
IGHV4-VX5Q	IGHV4-VX5Q*18/IGHV4-VX5Q*22/IGHV4-VX5Q*24	2e-04
IGHV4-VX5Q	IGHV4-VX5Q*19/IGHV4-VX5Q*23	2e-04
IGHV4-XTDW	IGHV4-XTDW*03	2e-04
IGHV4-Y4BX	IGHV4-Y4BX*05	4e-04
IGHV4-YE26	IGHV4-YE26*05	1e-04
IGHV4-YE26	IGHV4-YE26*10	4e-04
IGHV4-YE26	IGHV4-YE26*11	2e-04
IGHV4-YE26	IGHV4-YE26*17	3e-04
IGHV4-YE26	IGHV4-YE26*18/IGHV4-YE26*20	1e-04
IGHV5-2GFF	IGHV5-2GFF*14	1e-04
IGHV5-D2NK	IGHV5-D2NK*06	2e-04
IGHV6-UXXO	IGHV6-UXXO*02	3e-04
IGHV6-UXXO	IGHV6-UXXO*04	1e-04
IGHV7-75KG	IGHV7-75KG*01	2e-04
IGHV7-75KG	IGHV7-75KG*04	1e-04
IGHV7-S2SK	IGHV7-S2SK*09	1e-04
IGHV7-S2SK	IGHV7-S2SK*15	4e-04
IGHV8-4WHC	IGHV8-4WHC*02	9e-04
IGHV8-4WHC	IGHV8-4WHC*03	1e-04
IGHV8-4WHC	IGHV8-4WHC*18	5e-04
IGHV8-65SO	IGHV8-65SO*04	1e-04
IGHV8-65SO	IGHV8-65SO*11	1e-04
IGHV8-6TUE	IGHV8-6TUE*08	1e-04
IGHV8-6TUE	IGHV8-6TUE*14	3e-04
IGHV8-AHTF	IGHV8-AHTF*07	1e-04
IGHV8-DH64	IGHV8-DH64*01	4e-04
IGHV8-GESA	IGHV8-GESA*04	0.002
IGHV8-GESA	IGHV8-GESA*05	1e-04
IGHV8-MBLR	IGHV8-MBLR*10	1e-04
IGHV8-MBLR	IGHV8-MBLR*11	1e-04
IGHV8-RZNS	IGHV8-RZNS*12	1e-04
IGHV8-WAVT	IGHV8-WAVT*03	1e-04
IGHV1-BEKE	IGHV1-BEKE*05	3e-04
IGHV1-BSGF	IGHV1-BSGF*12	1e-04
IGHV1-BSGF	IGHV1-BSGF*14	4e-04
IGHV1-BSGF	IGHV1-BSGF*18	4e-04
IGHV1-FO6G	IGHV1-FO6G*02	1e-04
IGHV2-D2TO	IGHV2-D2TO*01	1e-04
IGHV2-V7ET	IGHV2-V7ET*01	1e-04
IGHV2-V7ET	IGHV2-V7ET*05/IGHV2-V7ET*06	1e-04
IGHV3-4GAP	IGHV3-4GAP*10	1e-04
IGHV3-4GAP	IGHV3-4GAP*11	2e-04
IGHV3-4PJH	IGHV3-4PJH*20	1e-04
IGHV3-4PJH	IGHV3-4PJH*22	1e-04
IGHV3-4RPY	IGHV3-4RPY*03	2e-04
IGHV3-A7N6	IGHV3-A7N6*01	1e-04
IGHV3-BKKC	IGHV3-BKKC*03	2e-04
IGHV3-JRTS	IGHV3-JRTS*06	1e-04
IGHV3-JU2I	IGHV3-JU2I*01	2e-04
IGHV3-L7BK	IGHV3-L7BK*02	1e-04
IGHV3-L7BK	IGHV3-L7BK*06	4e-04
IGHV3-MCXM	IGHV3-MCXM*06	1e-04
IGHV3-NL4W	IGHV3-NL4W*03	1e-04
IGHV3-O76Z	IGHV3-O76Z*04	1e-04
IGHV3-RSQ5	IGHV3-RSQ5*04	5e-04
IGHV3-X5LH	IGHV3-X5LH*04	1e-04
IGHV3-X5LH	IGHV3-X5LH*10	1e-04
IGHV4-4NGE	IGHV4-4NGE*02	2e-04
IGHV4-7PM2	IGHV4-7PM2*08	1e-04
IGHV4-HDAZ	IGHV4-HDAZ*07	2e-04
IGHV4-JJNU	IGHV4-JJNU*04	2e-04
IGHV4-JZNW	IGHV4-JZNW*10	1e-04
IGHV4-MYX4	IGHV4-MYX4*07	2e-04
IGHV4-N2SB	IGHV4-N2SB*01	1e-04
IGHV4-U2RC	IGHV4-U2RC*04	1e-04
IGHV4-Y4FC	IGHV4-Y4FC*02	1e-04
IGHV4-Y4FC	IGHV4-Y4FC*10	1e-04
IGHV4-Y4FC	IGHV4-Y4FC*11	2e-04
IGHV5-2GFF	IGHV5-2GFF*02	1e-04
IGHV5-2GFF	IGHV5-2GFF*04	1e-04
IGHV5-D2NK	IGHV5-D2NK*04	1e-04
IGHV5-D2NK	IGHV5-D2NK*05	4e-04
IGHV7-75KG	IGHV7-75KG*02	1e-04
IGHV7-S2SK	IGHV7-S2SK*16	5e-04
IGHV8-4SV6	IGHV8-4SV6*04	2e-04
IGHV8-4SV6	IGHV8-4SV6*09	1e-04
IGHV8-65SO	IGHV8-65SO*18	1e-04
IGHV8-6TUE	IGHV8-6TUE*01	4e-04
IGHV8-6TUE	IGHV8-6TUE*12	1e-04
IGHV8-AHTF	IGHV8-AHTF*01	1e-04
IGHV8-PWAC	IGHV8-PWAC*02	1e-04
IGHV8-RZNS	IGHV8-RZNS*11	1e-04
IGHV3-37F2	IGHV3-37F2*05	1e-04
IGHV3-7HCW	IGHV3-7HCW*02	5e-04
IGHV3-BKKC	IGHV3-BKKC*13	1e-04
IGHV3-E6ZX	IGHV3-E6ZX*01	1e-04
IGHV3-GYPG	IGHV3-GYPG*12	1e-04
IGHV3-NL4W	IGHV3-NL4W*04	1e-04
IGHV3-X5LH	IGHV3-X5LH*07	1e-04
IGHV4-5ARF	IGHV4-5ARF*05	2e-04
IGHV4-5WKJ	IGHV4-5WKJ*04	1e-04
IGHV4-7PM2	IGHV4-7PM2*04	1e-04
IGHV4-HDAZ	IGHV4-HDAZ*06	1e-04
IGHV4-MYX4	IGHV4-MYX4*09	2e-04
IGHV4-U2RC	IGHV4-U2RC*07	1e-04
IGHV4-YE26	IGHV4-YE26*14/IGHV4-YE26*19	4e-04
IGHV5-D2NK	IGHV5-D2NK*15	2e-04
IGHV7-75KG	IGHV7-75KG*05	1e-04
IGHV8-65SO	IGHV8-65SO*13	1e-04
IGHV8-GESA	IGHV8-GESA*15	1e-04
IGHV8-MBLR	IGHV8-MBLR*08	1e-04
IGHV1-57IM	IGHV1-57IM*01	1e-04
IGHV1-BSGF	IGHV1-BSGF*07	1e-04
IGHV1-BSGF	IGHV1-BSGF*15	2e-04
IGHV1-ISRF	IGHV1-ISRF*04	3e-04
IGHV1-ISRF	IGHV1-ISRF*13	1e-04
IGHV1-Y7SR	IGHV1-Y7SR*05	1e-04
IGHV2-4QUM	IGHV2-4QUM*04/IGHV2-4QUM*08	1e-04
IGHV2-5VX5	IGHV2-5VX5*01	1e-04
IGHV2-5VX5	IGHV2-5VX5*02	1e-04
IGHV2-5VX5	IGHV2-5VX5*04	1e-04
IGHV2-DCLT	IGHV2-DCLT*08	2e-04
IGHV3-37F2	IGHV3-37F2*01	1e-04
IGHV3-4PJH	IGHV3-4PJH*07	1e-04
IGHV3-4PJH	IGHV3-4PJH*08	4e-04
IGHV3-B5E7	IGHV3-B5E7*04	1e-04
IGHV3-B5E7	IGHV3-B5E7*05	1e-04
IGHV3-B5E7	IGHV3-B5E7*06	1e-04
IGHV3-BZMP	IGHV3-BZMP*02	1e-04
IGHV3-BZMP	IGHV3-BZMP*07	1e-04
IGHV3-E6ZX	IGHV3-E6ZX*10	1e-04
IGHV3-GYPG	IGHV3-GYPG*11	1e-04
IGHV3-HFYN	IGHV3-HFYN*15	1e-04
IGHV3-MCXM	IGHV3-MCXM*04	1e-04
IGHV3-MCXM	IGHV3-MCXM*07	1e-04
IGHV3-MEBQ	IGHV3-MEBQ*02	1e-04
IGHV3-O76Z	IGHV3-O76Z*03	6e-04
IGHV3-PRG6	IGHV3-PRG6*03	1e-04
IGHV3-PTFK	IGHV3-PTFK*01	1e-04
IGHV3-R7MJ	IGHV3-R7MJ*01/IGHV3-R7MJ*06	1e-04
IGHV3-RRYX	IGHV3-RRYX*09	1e-04
IGHV3-RSQ5	IGHV3-RSQ5*08	8e-04
IGHV3-X5LH	IGHV3-X5LH*03	1e-04
IGHV3-X5LH	IGHV3-X5LH*18	1e-04
IGHV3-XVTV	IGHV3-XVTV*05	1e-04
IGHV4-4M7V	IGHV4-4M7V*11	1e-04
IGHV4-4M7V	IGHV4-4M7V*14	1e-04
IGHV4-4NGE	IGHV4-4NGE*08	4e-04
IGHV4-5ARF	IGHV4-5ARF*12	1e-04
IGHV4-5ARF	IGHV4-5ARF*14	1e-04
IGHV4-64DR	IGHV4-64DR*09	1e-04
IGHV4-7PM2	IGHV4-7PM2*10	2e-04
IGHV4-7PM2	IGHV4-7PM2*12	1e-04
IGHV4-7UKP	IGHV4-7UKP*01	3e-04
IGHV4-AATP	IGHV4-AATP*01	1e-04
IGHV4-AMYK	IGHV4-AMYK*01	1e-04
IGHV4-CCOK	IGHV4-CCOK*06	1e-04
IGHV4-EAIX	IGHV4-EAIX*03	1e-04
IGHV4-EAIX	IGHV4-EAIX*07	2e-04
IGHV4-EITI	IGHV4-EITI*15	1e-04
IGHV4-FAZN	IGHV4-FAZN*03	2e-04
IGHV4-FAZN	IGHV4-FAZN*04	1e-04
IGHV4-JA6D	IGHV4-JA6D*01	4e-04
IGHV4-JA6D	IGHV4-JA6D*13	1e-04
IGHV4-JJNU	IGHV4-JJNU*01	1e-04
IGHV4-MYX4	IGHV4-MYX4*05	2e-04
IGHV4-MYX4	IGHV4-MYX4*06	1e-04
IGHV4-NZ7A	IGHV4-NZ7A*07	1e-04
IGHV4-NZ7A	IGHV4-NZ7A*11	1e-04
IGHV4-U675	IGHV4-U675*02	1e-04
IGHV4-VX5Q	IGHV4-VX5Q*09	0.002
IGHV4-XTDW	IGHV4-XTDW*09	1e-04
IGHV4-XTDW	IGHV4-XTDW*12	1e-04
IGHV4-XTDW	IGHV4-XTDW*14	4e-04
IGHV4-Y4FC	IGHV4-Y4FC*09/IGHV4-Y4FC*12	2e-04
IGHV4-ZNL3	IGHV4-ZNL3*03	1e-04
IGHV5-2GFF	IGHV5-2GFF*01	1e-04
IGHV5-2GFF	IGHV5-2GFF*06	2e-04
IGHV5-D2NK	IGHV5-D2NK*07	2e-04
IGHV5-D2NK	IGHV5-D2NK*09	4e-04
IGHV5-D2NK	IGHV5-D2NK*12	4e-04
IGHV7-S2SK	IGHV7-S2SK*02	1e-04
IGHV7-S2SK	IGHV7-S2SK*06	1e-04
IGHV8-4WHC	IGHV8-4WHC*16	1e-04
IGHV8-65SO	IGHV8-65SO*06	1e-04
IGHV8-65SO	IGHV8-65SO*07	5e-04
IGHV8-MBLR	IGHV8-MBLR*09	4e-04
IGHV8-PWAC	IGHV8-PWAC*05	1e-04
IGHV8-QBAS	IGHV8-QBAS*01	1e-04
IGHV8-RZNS	IGHV8-RZNS*13	1e-04
IGHV8-RZNS	IGHV8-RZNS*17	1e-04
IGHV8-WAVT	IGHV8-WAVT*07	2e-04
IGHV1-BSGF	IGHV1-BSGF*02	1e-04
IGHV1-JIGE	IGHV1-JIGE*02	1e-04
IGHV1-VCNV	IGHV1-VCNV*05	1e-04
IGHV1-Y7SR	IGHV1-Y7SR*01	1e-04
IGHV2-5VX5	IGHV2-5VX5*06	2e-04
IGHV2-DCLT	IGHV2-DCLT*15	1e-04
IGHV2-X7EJ	IGHV2-X7EJ*01	1e-04
IGHV3-4RPY	IGHV3-4RPY*05	1e-04
IGHV3-756H	IGHV3-756H*06	2e-04
IGHV3-A7N6	IGHV3-A7N6*08	5e-04
IGHV3-BZMP	IGHV3-BZMP*04	0.003
IGHV3-BZMP	IGHV3-BZMP*06	2e-04
IGHV3-HFYN	IGHV3-HFYN*01	2e-04
IGHV3-NL4W	IGHV3-NL4W*01	1e-04
IGHV3-O76Z	IGHV3-O76Z*05	1e-04
IGHV4-2QEK	IGHV4-2QEK*04	1e-04
IGHV4-4MLZ	IGHV4-4MLZ*14	2e-04
IGHV4-7PM2	IGHV4-7PM2*05	1e-04
IGHV4-AMYK	IGHV4-AMYK*07	1e-04
IGHV4-DXH5	IGHV4-DXH5*02	1e-04
IGHV4-FAZN	IGHV4-FAZN*13	2e-04
IGHV4-FAZN	IGHV4-FAZN*14	2e-04
IGHV4-JA6D	IGHV4-JA6D*07	1e-04
IGHV4-JA6D	IGHV4-JA6D*22	2e-04
IGHV4-MLR2	IGHV4-MLR2*10	2e-04
IGHV4-NFRM	IGHV4-NFRM*04/IGHV4-NFRM*11	2e-04
IGHV4-PY3X	IGHV4-PY3X*02	1e-04
IGHV4-U2RC	IGHV4-U2RC*02	2e-04
IGHV4-YE26	IGHV4-YE26*03	4e-04
IGHV4-YE26	IGHV4-YE26*23	1e-04
IGHV5-D2NK	IGHV5-D2NK*10	2e-04
IGHV8-AHTF	IGHV8-AHTF*09	1e-04
IGHV8-GESA	IGHV8-GESA*09	2e-04
IGHV8-MBLR	IGHV8-MBLR*04	6e-04
IGHV3-BKKC	IGHV3-BKKC*10	1e-04
IGHV3-JRTS	IGHV3-JRTS*02	1e-04
IGHV3-MCXM	IGHV3-MCXM*03	1e-04
IGHV3-RRYX	IGHV3-RRYX*03	4e-04
IGHV4-AMYK	IGHV4-AMYK*05	4e-04
IGHV4-DJPP	IGHV4-DJPP*09	2e-04
IGHV4-XTDW	IGHV4-XTDW*02	3e-04
IGHV4-YE26	IGHV4-YE26*15	2e-04
IGHV8-6TUE	IGHV8-6TUE*07	2e-04
IGHV8-RZNS	IGHV8-RZNS*15	1e-04
IGHV3-DY3H	IGHV3-DY3H*01	1e-04
IGHV4-U2RC	IGHV4-U2RC*05	2e-04
IGHV8-4WHC	IGHV8-4WHC*14	2e-04
IGHV8-DH64	IGHV8-DH64*04	2e-04
IGHV1-JIGE	IGHV1-JIGE*03	1e-04
IGHV2-DCLT	IGHV2-DCLT*04	4e-04
IGHV3-C4HU	IGHV3-C4HU*03	1e-04
IGHV3-JRTS	IGHV3-JRTS*07	1e-04
IGHV3-MCXM	IGHV3-MCXM*01	1e-04
IGHV3-MEBQ	IGHV3-MEBQ*04	4e-04
IGHV3-PTFK	IGHV3-PTFK*04	1e-04
IGHV3-R7MJ	IGHV3-R7MJ*03	1e-04
IGHV4-2QEK	IGHV4-2QEK*01	1e-04
IGHV4-4MLZ	IGHV4-4MLZ*15	1e-04
IGHV4-DJPP	IGHV4-DJPP*06	1e-04
IGHV4-DXH5	IGHV4-DXH5*03	2e-04
IGHV4-FAZN	IGHV4-FAZN*12	1e-04
IGHV4-HDAZ	IGHV4-HDAZ*10/IGHV4-HDAZ*11	4e-04
IGHV4-NFRM	IGHV4-NFRM*03	1e-04
IGHV4-PY3X	IGHV4-PY3X*01	1e-04
IGHV4-U675	IGHV4-U675*01	1e-04
IGHV4-VX5Q	IGHV4-VX5Q*08	8e-04
IGHV4-YE26	IGHV4-YE26*02	9e-04
IGHV4-YE26	IGHV4-YE26*21	0.002
IGHV7-S2SK	IGHV7-S2SK*05	4e-04
IGHV8-65SO	IGHV8-65SO*17	1e-04
IGHV8-6TUE	IGHV8-6TUE*04	1e-04
IGHV8-DH64	IGHV8-DH64*09	1e-04
IGHV8-GESA	IGHV8-GESA*06	2e-04
IGHV8-MBLR	IGHV8-MBLR*02	4e-04
IGHV8-RZNS	IGHV8-RZNS*04	1e-04
IGHV1-BEKE	IGHV1-BEKE*01/IGHV1-BEKE*11	1e-04
IGHV3-4GAP	IGHV3-4GAP*09	1e-04
IGHV3-4PJH	IGHV3-4PJH*11	3e-04
IGHV3-GYPG	IGHV3-GYPG*10	3e-04
IGHV3-GYPG	IGHV3-GYPG*20	1e-04
IGHV3-L7BK	IGHV3-L7BK*04	3e-04
IGHV3-MEBQ	IGHV3-MEBQ*07	1e-04
IGHV4-4MLZ	IGHV4-4MLZ*12	1e-04
IGHV4-4NGE	IGHV4-4NGE*03	1e-04
IGHV4-5ARF	IGHV4-5ARF*04	1e-04
IGHV4-64DR	IGHV4-64DR*07/IGHV4-64DR*16	1e-04
IGHV4-7UKP	IGHV4-7UKP*04	3e-04
IGHV4-EITI	IGHV4-EITI*13	3e-04
IGHV4-JA6D	IGHV4-JA6D*17	1e-04
IGHV4-NBRY	IGHV4-NBRY*04	2e-04
IGHV4-NZ7A	IGHV4-NZ7A*06	1e-04
IGHV4-VX5Q	IGHV4-VX5Q*16	1e-04
IGHV1-Y7SR	IGHV1-Y7SR*02	2e-04
IGHV2-4QUM	IGHV2-4QUM*05	1e-04
IGHV2-D2TO	IGHV2-D2TO*04	1e-04
IGHV2-DCLT	IGHV2-DCLT*07	2e-04
IGHV3-4PJH	IGHV3-4PJH*15	1e-04
IGHV3-JU2I	IGHV3-JU2I*04	1e-04
IGHV3-NL4W	IGHV3-NL4W*05	1e-04
IGHV3-R7MJ	IGHV3-R7MJ*02/IGHV3-R7MJ*05	3e-04
IGHV4-5WKJ	IGHV4-5WKJ*11	5e-04
IGHV4-64DR	IGHV4-64DR*03/IGHV4-64DR*12	1e-04
IGHV4-7UKP	IGHV4-7UKP*05/IGHV4-7UKP*08	1e-04
IGHV4-E2ZN	IGHV4-E2ZN*04	1e-04
IGHV4-JA6D	IGHV4-JA6D*11/IGHV4-JA6D*15	1e-04
IGHV4-NZ7A	IGHV4-NZ7A*08/IGHV4-NZ7A*12	1e-04
IGHV4-VX5Q	IGHV4-VX5Q*05	2e-04
IGHV6-UXXO	IGHV6-UXXO*01	1e-04
IGHV8-6TUE	IGHV8-6TUE*13	1e-04
IGHV8-GESA	IGHV8-GESA*11	1e-04
IGHV1-BSGF	IGHV1-BSGF*10	3e-04
IGHV1-JHF7	IGHV1-JHF7*02	1e-04
IGHV2-DCLT	IGHV2-DCLT*05/IGHV2-DCLT*09	2e-04
IGHV3-4PJH	IGHV3-4PJH*23	1e-04
IGHV3-756H	IGHV3-756H*08	1e-04
IGHV3-BZMP	IGHV3-BZMP*01	2e-04
IGHV3-DCTO	IGHV3-DCTO*02	1e-04
IGHV3-HFYN	IGHV3-HFYN*12	1e-04
IGHV3-NL4W	IGHV3-NL4W*06	1e-04
IGHV5-2GFF	IGHV5-2GFF*12	1e-04
IGHV5-D2NK	IGHV5-D2NK*03	1e-04
IGHV8-4WHC	IGHV8-4WHC*06	3e-04
IGHV8-65SO	IGHV8-65SO*15	1e-04
IGHV8-AHTF	IGHV8-AHTF*03	1e-04
IGHV8-DH64	IGHV8-DH64*08	1e-04
IGHV1-ISRF	IGHV1-ISRF*07	1e-04
IGHV2-5VX5	IGHV2-5VX5*05	1e-04
IGHV2-D2TO	IGHV2-D2TO*05	1e-04
IGHV3-4GAP	IGHV3-4GAP*08	1e-04
IGHV3-GYPG	IGHV3-GYPG*16	1e-04
IGHV3-L7BK	IGHV3-L7BK*01	1e-04
IGHV3-LT3H	IGHV3-LT3H*06	1e-04
IGHV3-PHO7	IGHV3-PHO7*05	1e-04
IGHV3-RRYX	IGHV3-RRYX*10	1e-04
IGHV3-XVTV	IGHV3-XVTV*02	1e-04
IGHV3-XVTV	IGHV3-XVTV*04	3e-04
IGHV4-4MLZ	IGHV4-4MLZ*01	1e-04
IGHV4-64DR	IGHV4-64DR*10	1e-04
IGHV4-7PM2	IGHV4-7PM2*11	1e-04
IGHV4-AATP	IGHV4-AATP*07	1e-04
IGHV4-DJPP	IGHV4-DJPP*03	2e-04
IGHV4-E2ZN	IGHV4-E2ZN*03	1e-04
IGHV4-EAIX	IGHV4-EAIX*08	1e-04
IGHV4-FAZN	IGHV4-FAZN*07	1e-04
IGHV4-JZNW	IGHV4-JZNW*14	1e-04
IGHV4-KG56	IGHV4-KG56*02	1e-04
IGHV4-MYX4	IGHV4-MYX4*08	1e-04
IGHV4-NZ7A	IGHV4-NZ7A*01	1e-04
IGHV8-4SV6	IGHV8-4SV6*05	2e-04
IGHV8-4WHC	IGHV8-4WHC*20	1e-04
IGHV8-6TUE	IGHV8-6TUE*02	1e-04
IGHV8-DH64	IGHV8-DH64*06	1e-04
IGHV8-RZNS	IGHV8-RZNS*14	1e-04
IGHV4-AMYK	IGHV4-AMYK*08	1e-04
IGHV1-BSGF	IGHV1-BSGF*06	2e-04
IGHV2-5VX5	IGHV2-5VX5*10	1e-04
IGHV2-DPJA	IGHV2-DPJA*11/IGHV2-DPJA*15	2e-04
IGHV3-4PJH	IGHV3-4PJH*18	1e-04
IGHV3-DCTO	IGHV3-DCTO*05	1e-04
IGHV3-L7BK	IGHV3-L7BK*13	1e-04
IGHV3-LT3H	IGHV3-LT3H*02	5e-04
IGHV3-PHO7	IGHV3-PHO7*06	1e-04
IGHV3-X5LH	IGHV3-X5LH*09	1e-04
IGHV4-5ARF	IGHV4-5ARF*11	1e-04
IGHV4-64DR	IGHV4-64DR*11	1e-04
IGHV4-BQLH	IGHV4-BQLH*01	1e-04
IGHV4-CCOK	IGHV4-CCOK*05	1e-04
IGHV4-EITI	IGHV4-EITI*01	1e-04
IGHV4-JZNW	IGHV4-JZNW*09	2e-04
IGHV4-MYX4	IGHV4-MYX4*02	2e-04
IGHV4-NZ7A	IGHV4-NZ7A*02	1e-04
IGHV4-XTDW	IGHV4-XTDW*06	2e-04
IGHV5-2GFF	IGHV5-2GFF*05	1e-04
IGHV8-GESA	IGHV8-GESA*21	1e-04
IGHV8-RZNS	IGHV8-RZNS*01	1e-04
IGHV1-I24O	IGHV1-I24O*01	1e-04
IGHV4-YE26	IGHV4-YE26*08	1e-04
IGHV8-WAVT	IGHV8-WAVT*05	1e-04
IGHV3-MGEX	IGHV3-MGEX*06	3e-04
IGHV3-NL4W	IGHV3-NL4W*02	1e-04
IGHV4-V7V4	IGHV4-V7V4*01	1e-04
IGHV4-VX5Q	IGHV4-VX5Q*15	1e-04
IGHV4-XTDW	IGHV4-XTDW*05	1e-04
IGHV3-X5LH	IGHV3-X5LH*02	3e-04
IGHV4-MLR2	IGHV4-MLR2*06	1e-04
IGHV3-4PJH	IGHV3-4PJH*03	1e-04
IGHV3-DY3H	IGHV3-DY3H*02	1e-04
IGHV3-O76Z	IGHV3-O76Z*01	1e-04
IGHV3-PHO7	IGHV3-PHO7*02	1e-04
IGHV3-X5LH	IGHV3-X5LH*17	1e-04
IGHV4-4NGE	IGHV4-4NGE*05	2e-04
IGHV4-4NGE	IGHV4-4NGE*06	1e-04
IGHV4-5ARF	IGHV4-5ARF*16	1e-04
IGHV4-64DR	IGHV4-64DR*05	1e-04
IGHV4-7PM2	IGHV4-7PM2*02	1e-04
IGHV4-DXH5	IGHV4-DXH5*01	1e-04
IGHV4-FAZN	IGHV4-FAZN*08	1e-04
IGHV4-HDAZ	IGHV4-HDAZ*13	1e-04
IGHV4-JA6D	IGHV4-JA6D*14	1e-04
IGHV4-JA6D	IGHV4-JA6D*16	1e-04
IGHV4-NZ7A	IGHV4-NZ7A*04	1e-04
IGHV4-YE26	IGHV4-YE26*12	2e-04
IGHV5-2GFF	IGHV5-2GFF*07	1e-04
IGHV8-65SO	IGHV8-65SO*08	1e-04
IGHV8-AHTF	IGHV8-AHTF*08	1e-04
IGHV8-GESA	IGHV8-GESA*13	2e-04
IGHV8-RZNS	IGHV8-RZNS*07	1e-04
IGHV1-BSGF	IGHV1-BSGF*11	2e-04
IGHV4-NBRY	IGHV4-NBRY*03	2e-04
IGHV4-XTDW	IGHV4-XTDW*18	1e-04
IGHV4-Y4FC	IGHV4-Y4FC*04	1e-04
IGHV1-ISRF	IGHV1-ISRF*09	3e-04
IGHV2-5VX5	IGHV2-5VX5*03	1e-04
IGHV3-BKKC	IGHV3-BKKC*09	1e-04
IGHV3-HFYN	IGHV3-HFYN*06	1e-04
IGHV4-EITI	IGHV4-EITI*17	1e-04
IGHV4-NFRM	IGHV4-NFRM*06	1e-04
IGHV5-D2NK	IGHV5-D2NK*14	3e-04
IGHV8-RZNS	IGHV8-RZNS*02	1e-04
IGHV1-JIGE	IGHV1-JIGE*04	1e-04
IGHV3-L7BK	IGHV3-L7BK*09	2e-04
IGHV3-MCXM	IGHV3-MCXM*02	1e-04
IGHV4-CCOK	IGHV4-CCOK*03	1e-04
IGHV4-4NGE	IGHV4-4NGE*01	1e-04
IGHV4-MLR2	IGHV4-MLR2*09	2e-04
IGHV3-BZMP	IGHV3-BZMP*03	1e-04
IGHV3-HFYN	IGHV3-HFYN*03	2e-04
IGHV3-HFYN	IGHV3-HFYN*14	2e-04
IGHV1-VCNV	IGHV1-VCNV*02	1e-04
IGHV12-7776	IGHV12-7776*01	1e-04
IGHV2-D2TO	IGHV2-D2TO*06	1e-04
IGHV3-7HCW	IGHV3-7HCW*04	1e-04
IGHV3-X5LH	IGHV3-X5LH*19	4e-04
IGHV8-65SO	IGHV8-65SO*10	1e-04
IGHV8-RZNS	IGHV8-RZNS*18	1e-04
IGHV13-PSOC	IGHV13-PSOC*01	1e-04
IGHV8-6TUE	IGHV8-6TUE*11	3e-04
IGHV3-A7N6	IGHV3-A7N6*02	2e-04
IGHV3-DY3H	IGHV3-DY3H*04	1e-04
IGHV1-BEKE	IGHV1-BEKE*04	1e-04
IGHV4-CCOK	IGHV4-CCOK*02	1e-04
IGHV8-WAVT	IGHV8-WAVT*06	2e-04
IGHV4-7BJU	IGHV4-7BJU*02	1e-04
IGHV4-MLR2	IGHV4-MLR2*08	1e-04
IGHV4-XTDW	IGHV4-XTDW*17	1e-04
IGHV1-ISRF	IGHV1-ISRF*03	1e-04
IGHV3-WOIZ	IGHV3-WOIZ*01	1e-04
IGHV4-4NGE	IGHV4-4NGE*04	1e-04
IGHV4-5WKJ	IGHV4-5WKJ*16	1e-04
IGHV4-JA6D	IGHV4-JA6D*18	1e-04
IGHV4-Y4FC	IGHV4-Y4FC*05	1e-04
IGHV8-4WHC	IGHV8-4WHC*19	1e-04
IGHV4-4NGE	IGHV4-4NGE*13	1e-04
IGHV4-R3YH	IGHV4-R3YH*01	1e-04
IGHV8-65SO	IGHV8-65SO*02	1e-04
IGHV3-RSQ5	IGHV3-RSQ5*09	2e-04
IGHV4-7UKP	IGHV4-7UKP*03	0.006
IGHV4-EAIX	IGHV4-EAIX*05	1e-04
IGHV4-MLR2	IGHV4-MLR2*04	1e-04
IGHV8-4WHC	IGHV8-4WHC*13	1e-04
IGHV8-WAVT	IGHV8-WAVT*01	1e-04
IGHV8-WAVT	IGHV8-WAVT*04	1e-04
IGHV4-HDAZ	IGHV4-HDAZ*02	1e-04
IGHV4-MLR2	IGHV4-MLR2*07	2e-04
IGHV3-MGEX	IGHV3-MGEX*02	1e-04
IGHV4-2QEK	IGHV4-2QEK*03	0.008
IGHV4-FAZN	IGHV4-FAZN*01	5e-04
IGHV4-FAZN	IGHV4-FAZN*02	1e-04
IGHV4-5WKJ	IGHV4-5WKJ*10	1e-04
IGHV4-EAIX	IGHV4-EAIX*12	1e-04
IGHV1-BSGF	IGHV1-BSGF*01	1e-04
IGHV1-ISRF	IGHV1-ISRF*14	1e-04
IGHV2-DPJA	IGHV2-DPJA*13	2e-04
IGHV2-DPJA	IGHV2-DPJA*14	1e-04
IGHV3-C4HU	IGHV3-C4HU*02	2e-04
IGHV3-O76Z	IGHV3-O76Z*06	1e-04
IGHV4-4MLZ	IGHV4-4MLZ*11	1e-04
IGHV8-6TUE	IGHV8-6TUE*10	2e-04
IGHV4-EAIX	IGHV4-EAIX*06	1e-04
IGHV7-S2SK	IGHV7-S2SK*13	1e-04
IGHV3-RRYX	IGHV3-RRYX*06	1e-04
IGHV4-HDAZ	IGHV4-HDAZ*04	1e-04
IGHV1-57IM	IGHV1-57IM*02	1e-04
IGHV1-57IM	IGHV1-57IM*03	1e-04
IGHV1-BEKE	IGHV1-BEKE*02	1e-04
IGHV1-BEKE	IGHV1-BEKE*03	1e-04
IGHV1-BEKE	IGHV1-BEKE*10	1e-04
IGHV1-BSGF	IGHV1-BSGF*03	1e-04
IGHV1-BSGF	IGHV1-BSGF*04	1e-04
IGHV1-BSGF	IGHV1-BSGF*08	1e-04
IGHV1-BSGF	IGHV1-BSGF*09	1e-04
IGHV1-BSGF	IGHV1-BSGF*13	1e-04
IGHV1-BSGF	IGHV1-BSGF*16	1e-04
IGHV1-BSGF	IGHV1-BSGF*17	1e-04
IGHV1-DAVK	IGHV1-DAVK*01	1e-04
IGHV1-FO6G	IGHV1-FO6G*03	1e-04
IGHV1-ISRF	IGHV1-ISRF*01	1e-04
IGHV1-ISRF	IGHV1-ISRF*02	1e-04
IGHV1-ISRF	IGHV1-ISRF*05	1e-04
IGHV1-ISRF	IGHV1-ISRF*06	1e-04
IGHV1-ISRF	IGHV1-ISRF*11	1e-04
IGHV1-ISRF	IGHV1-ISRF*12	1e-04
IGHV1-ISRF	IGHV1-ISRF*16	1e-04
IGHV1-RO6H	IGHV1-RO6H*01	1e-04
IGHV1-TNJW	IGHV1-TNJW*01	1e-04
IGHV1-VCNV	IGHV1-VCNV*01	1e-04
IGHV1-VCNV	IGHV1-VCNV*04	1e-04
IGHV1-VCNV	IGHV1-VCNV*06	1e-04
IGHV1-VCNV	IGHV1-VCNV*07	1e-04
IGHV1-VCNV	IGHV1-VCNV*08	1e-04
IGHV1-VCNV	IGHV1-VCNV*09	1e-04
IGHV1-VCNV	IGHV1-VCNV*10	1e-04
IGHV1-Y4Q6	IGHV1-Y4Q6*01	1e-04
IGHV1-Y4Q6	IGHV1-Y4Q6*02	1e-04
IGHV1-ZGGJ	IGHV1-ZGGJ*01	1e-04
IGHV10-LLQ3	IGHV10-LLQ3*01	1e-04
IGHV11-3ZCZ	IGHV11-3ZCZ*01	1e-04
IGHV13-PSOC	IGHV13-PSOC*03	1e-04
IGHV2-4QUM	IGHV2-4QUM*01	1e-04
IGHV2-4QUM	IGHV2-4QUM*02	1e-04
IGHV2-4QUM	IGHV2-4QUM*03/IGHV2-4QUM*07	1e-04
IGHV2-4QUM	IGHV2-4QUM*10	1e-04
IGHV2-5VX5	IGHV2-5VX5*07	1e-04
IGHV2-5VX5	IGHV2-5VX5*08	1e-04
IGHV2-5VX5	IGHV2-5VX5*09	1e-04
IGHV2-DCLT	IGHV2-DCLT*01	1e-04
IGHV2-DCLT	IGHV2-DCLT*02	1e-04
IGHV2-DCLT	IGHV2-DCLT*03	1e-04
IGHV2-DPJA	IGHV2-DPJA*01	1e-04
IGHV2-V7ET	IGHV2-V7ET*02	1e-04
IGHV2-V7ET	IGHV2-V7ET*03	1e-04
IGHV2-V7ET	IGHV2-V7ET*04	1e-04
IGHV3-2K4H	IGHV3-2K4H*01	1e-04
IGHV3-2K4H	IGHV3-2K4H*02	1e-04
IGHV3-37F2	IGHV3-37F2*03	1e-04
IGHV3-37F2	IGHV3-37F2*04	1e-04
IGHV3-37F2	IGHV3-37F2*06	1e-04
IGHV3-37F2	IGHV3-37F2*07	1e-04
IGHV3-4GAP	IGHV3-4GAP*01	1e-04
IGHV3-4PJH	IGHV3-4PJH*01	1e-04
IGHV3-4PJH	IGHV3-4PJH*04	1e-04
IGHV3-4PJH	IGHV3-4PJH*05	1e-04
IGHV3-4PJH	IGHV3-4PJH*06	1e-04
IGHV3-4PJH	IGHV3-4PJH*09	1e-04
IGHV3-4PJH	IGHV3-4PJH*12	1e-04
IGHV3-4PJH	IGHV3-4PJH*14	1e-04
IGHV3-4PJH	IGHV3-4PJH*16	1e-04
IGHV3-4PJH	IGHV3-4PJH*17	1e-04
IGHV3-4PJH	IGHV3-4PJH*19	1e-04
IGHV3-4PJH	IGHV3-4PJH*21	1e-04
IGHV3-4PJH	IGHV3-4PJH*24	1e-04
IGHV3-4PJH	IGHV3-4PJH*25	1e-04
IGHV3-4PJH	IGHV3-4PJH*26	1e-04
IGHV3-4PJH	IGHV3-4PJH*27	1e-04
IGHV3-4RPY	IGHV3-4RPY*02	1e-04
IGHV3-4RPY	IGHV3-4RPY*04	1e-04
IGHV3-4TKM	IGHV3-4TKM*01	1e-04
IGHV3-756H	IGHV3-756H*01	1e-04
IGHV3-756H	IGHV3-756H*02	1e-04
IGHV3-756H	IGHV3-756H*03	1e-04
IGHV3-756H	IGHV3-756H*04	1e-04
IGHV3-756H	IGHV3-756H*05	1e-04
IGHV3-756H	IGHV3-756H*07	1e-04
IGHV3-756H	IGHV3-756H*09	1e-04
IGHV3-756H	IGHV3-756H*10	1e-04
IGHV3-756H	IGHV3-756H*11	1e-04
IGHV3-756H	IGHV3-756H*12	1e-04
IGHV3-756H	IGHV3-756H*13	1e-04
IGHV3-7HCW	IGHV3-7HCW*01	1e-04
IGHV3-A7N6	IGHV3-A7N6*04	1e-04
IGHV3-A7N6	IGHV3-A7N6*06	1e-04
IGHV3-A7N6	IGHV3-A7N6*07	1e-04
IGHV3-B5E7	IGHV3-B5E7*01	1e-04
IGHV3-B5E7	IGHV3-B5E7*02	1e-04
IGHV3-BKKC	IGHV3-BKKC*01	1e-04
IGHV3-BKKC	IGHV3-BKKC*02	1e-04
IGHV3-BKKC	IGHV3-BKKC*04	1e-04
IGHV3-BKKC	IGHV3-BKKC*05	1e-04
IGHV3-BKKC	IGHV3-BKKC*07	1e-04
IGHV3-BKKC	IGHV3-BKKC*08	1e-04
IGHV3-BKKC	IGHV3-BKKC*11	1e-04
IGHV3-BZMP	IGHV3-BZMP*05	1e-04
IGHV3-BZMP	IGHV3-BZMP*08	1e-04
IGHV3-BZMP	IGHV3-BZMP*09	1e-04
IGHV3-C4HU	IGHV3-C4HU*01	1e-04
IGHV3-C4HU	IGHV3-C4HU*04	1e-04
IGHV3-C4HU	IGHV3-C4HU*05	1e-04
IGHV3-DCTO	IGHV3-DCTO*01	1e-04
IGHV3-DCTO	IGHV3-DCTO*04	1e-04
IGHV3-DCTO	IGHV3-DCTO*06	1e-04
IGHV3-DY3H	IGHV3-DY3H*06	1e-04
IGHV3-E6ZX	IGHV3-E6ZX*02	1e-04
IGHV3-GYPG	IGHV3-GYPG*02	1e-04
IGHV3-GYPG	IGHV3-GYPG*14	1e-04
IGHV3-GYPG	IGHV3-GYPG*15	1e-04
IGHV3-GYPG	IGHV3-GYPG*17	1e-04
IGHV3-GYPG	IGHV3-GYPG*18	1e-04
IGHV3-HFYN	IGHV3-HFYN*02	1e-04
IGHV3-HFYN	IGHV3-HFYN*05	1e-04
IGHV3-HFYN	IGHV3-HFYN*07	1e-04
IGHV3-HFYN	IGHV3-HFYN*08	1e-04
IGHV3-HFYN	IGHV3-HFYN*09	1e-04
IGHV3-HFYN	IGHV3-HFYN*10	1e-04
IGHV3-HFYN	IGHV3-HFYN*13	1e-04
IGHV3-HFYN	IGHV3-HFYN*16	1e-04
IGHV3-JRTS	IGHV3-JRTS*01	1e-04
IGHV3-JRTS	IGHV3-JRTS*03	1e-04
IGHV3-JRTS	IGHV3-JRTS*04	1e-04
IGHV3-JRTS	IGHV3-JRTS*05	1e-04
IGHV3-JRTS	IGHV3-JRTS*08	1e-04
IGHV3-JU2I	IGHV3-JU2I*03	1e-04
IGHV3-L7BK	IGHV3-L7BK*03	1e-04
IGHV3-L7BK	IGHV3-L7BK*05	1e-04
IGHV3-L7BK	IGHV3-L7BK*07	1e-04
IGHV3-L7BK	IGHV3-L7BK*10	1e-04
IGHV3-L7BK	IGHV3-L7BK*11	1e-04
IGHV3-L7BK	IGHV3-L7BK*12	1e-04
IGHV3-LT3H	IGHV3-LT3H*01	1e-04
IGHV3-LT3H	IGHV3-LT3H*03	1e-04
IGHV3-LT3H	IGHV3-LT3H*04	1e-04
IGHV3-LT3H	IGHV3-LT3H*05	1e-04
IGHV3-MCXM	IGHV3-MCXM*05	1e-04
IGHV3-MCXM	IGHV3-MCXM*08	1e-04
IGHV3-MEBQ	IGHV3-MEBQ*01	1e-04
IGHV3-MEBQ	IGHV3-MEBQ*03	1e-04
IGHV3-MEBQ	IGHV3-MEBQ*05	1e-04
IGHV3-MEBQ	IGHV3-MEBQ*06	1e-04
IGHV3-MGEX	IGHV3-MGEX*01	1e-04
IGHV3-MGEX	IGHV3-MGEX*04	1e-04
IGHV3-N72G	IGHV3-N72G*01	1e-04
IGHV3-O76Z	IGHV3-O76Z*02	1e-04
IGHV3-OLUF	IGHV3-OLUF*01	1e-04
IGHV3-OLUF	IGHV3-OLUF*02	1e-04
IGHV3-OLUF	IGHV3-OLUF*03	1e-04
IGHV3-OLUF	IGHV3-OLUF*04	1e-04
IGHV3-OLUF	IGHV3-OLUF*05	1e-04
IGHV3-OLUF	IGHV3-OLUF*06	1e-04
IGHV3-OLUF	IGHV3-OLUF*07	1e-04
IGHV3-OLUF	IGHV3-OLUF*08	1e-04
IGHV3-PHO7	IGHV3-PHO7*03	1e-04
IGHV3-PHO7	IGHV3-PHO7*04	1e-04
IGHV3-PJYR	IGHV3-PJYR*01	1e-04
IGHV3-PRG6	IGHV3-PRG6*01	1e-04
IGHV3-PRG6	IGHV3-PRG6*02	1e-04
IGHV3-PTFK	IGHV3-PTFK*02	1e-04
IGHV3-PTFK	IGHV3-PTFK*03	1e-04
IGHV3-PTFK	IGHV3-PTFK*05	1e-04
IGHV3-R7MJ	IGHV3-R7MJ*04	1e-04
IGHV3-R7MJ	IGHV3-R7MJ*07	1e-04
IGHV3-RRYX	IGHV3-RRYX*01	1e-04
IGHV3-RRYX	IGHV3-RRYX*02	1e-04
IGHV3-RRYX	IGHV3-RRYX*04	1e-04
IGHV3-RRYX	IGHV3-RRYX*05	1e-04
IGHV3-RRYX	IGHV3-RRYX*08	1e-04
IGHV3-RSQ5	IGHV3-RSQ5*01	1e-04
IGHV3-RSQ5	IGHV3-RSQ5*02	1e-04
IGHV3-RSQ5	IGHV3-RSQ5*05	1e-04
IGHV3-RSQ5	IGHV3-RSQ5*06	1e-04
IGHV3-RSQ5	IGHV3-RSQ5*07	1e-04
IGHV3-SOZS	IGHV3-SOZS*01	1e-04
IGHV3-SOZS	IGHV3-SOZS*02	1e-04
IGHV3-SOZS	IGHV3-SOZS*03	1e-04
IGHV3-WOIZ	IGHV3-WOIZ*02	1e-04
IGHV3-WPIB	IGHV3-WPIB*01	1e-04
IGHV3-X5LH	IGHV3-X5LH*01	1e-04
IGHV3-X5LH	IGHV3-X5LH*06	1e-04
IGHV3-X5LH	IGHV3-X5LH*08	1e-04
IGHV3-X5LH	IGHV3-X5LH*11	1e-04
IGHV3-X5LH	IGHV3-X5LH*12	1e-04
IGHV3-X5LH	IGHV3-X5LH*13	1e-04
IGHV3-X5LH	IGHV3-X5LH*14	1e-04
IGHV3-X5LH	IGHV3-X5LH*15	1e-04
IGHV3-X5LH	IGHV3-X5LH*16	1e-04
IGHV3-ZJGS	IGHV3-ZJGS*01	1e-04
IGHV4-2QEK	IGHV4-2QEK*02/IGHV4-2QEK*05	1e-04
IGHV4-4GQY	IGHV4-4GQY*01	1e-04
IGHV4-4GQY	IGHV4-4GQY*02	1e-04
IGHV4-4GQY	IGHV4-4GQY*05	1e-04
IGHV4-4M7V	IGHV4-4M7V*01	1e-04
IGHV4-4M7V	IGHV4-4M7V*02	1e-04
IGHV4-4M7V	IGHV4-4M7V*03	1e-04
IGHV4-4M7V	IGHV4-4M7V*06	1e-04
IGHV4-4M7V	IGHV4-4M7V*07	1e-04
IGHV4-4M7V	IGHV4-4M7V*08	1e-04
IGHV4-4M7V	IGHV4-4M7V*09	1e-04
IGHV4-4M7V	IGHV4-4M7V*10	1e-04
IGHV4-4M7V	IGHV4-4M7V*12	1e-04
IGHV4-4MLZ	IGHV4-4MLZ*09	1e-04
IGHV4-4MLZ	IGHV4-4MLZ*10	1e-04
IGHV4-4MLZ	IGHV4-4MLZ*13	1e-04
IGHV4-4MLZ	IGHV4-4MLZ*16	1e-04
IGHV4-4NGE	IGHV4-4NGE*07	1e-04
IGHV4-4NGE	IGHV4-4NGE*09	1e-04
IGHV4-4NGE	IGHV4-4NGE*10	1e-04
IGHV4-4NGE	IGHV4-4NGE*11	1e-04
IGHV4-4V2C	IGHV4-4V2C*01	1e-04
IGHV4-4V2C	IGHV4-4V2C*04	1e-04
IGHV4-5ARF	IGHV4-5ARF*01	1e-04
IGHV4-5ARF	IGHV4-5ARF*02	1e-04
IGHV4-5ARF	IGHV4-5ARF*06	1e-04
IGHV4-5ARF	IGHV4-5ARF*07	1e-04
IGHV4-5ARF	IGHV4-5ARF*08	1e-04
IGHV4-5ARF	IGHV4-5ARF*09	1e-04
IGHV4-5ARF	IGHV4-5ARF*10	1e-04
IGHV4-5ARF	IGHV4-5ARF*15/IGHV4-5ARF*18	1e-04
IGHV4-5WKJ	IGHV4-5WKJ*01	1e-04
IGHV4-5WKJ	IGHV4-5WKJ*02	1e-04
IGHV4-5WKJ	IGHV4-5WKJ*03	1e-04
IGHV4-5WKJ	IGHV4-5WKJ*05	1e-04
IGHV4-5WKJ	IGHV4-5WKJ*06	1e-04
IGHV4-5WKJ	IGHV4-5WKJ*07	1e-04
IGHV4-5WKJ	IGHV4-5WKJ*17	1e-04
IGHV4-5WKJ	IGHV4-5WKJ*18	1e-04
IGHV4-64DR	IGHV4-64DR*01	1e-04
IGHV4-64DR	IGHV4-64DR*02	1e-04
IGHV4-64DR	IGHV4-64DR*04	1e-04
IGHV4-64DR	IGHV4-64DR*08	1e-04
IGHV4-64DR	IGHV4-64DR*14	1e-04
IGHV4-64DR	IGHV4-64DR*15	1e-04
IGHV4-6KBL	IGHV4-6KBL*01	1e-04
IGHV4-6KBL	IGHV4-6KBL*02	1e-04
IGHV4-6KBL	IGHV4-6KBL*03	1e-04
IGHV4-6KBL	IGHV4-6KBL*04	1e-04
IGHV4-6LZZ	IGHV4-6LZZ*01	1e-04
IGHV4-7BJU	IGHV4-7BJU*01	1e-04
IGHV4-7PM2	IGHV4-7PM2*01	1e-04
IGHV4-7PM2	IGHV4-7PM2*03	1e-04
IGHV4-7PM2	IGHV4-7PM2*06	1e-04
IGHV4-7PM2	IGHV4-7PM2*07	1e-04
IGHV4-7PM2	IGHV4-7PM2*09	1e-04
IGHV4-7PM2	IGHV4-7PM2*14	1e-04
IGHV4-AATP	IGHV4-AATP*02	1e-04
IGHV4-AATP	IGHV4-AATP*06/IGHV4-AATP*09	1e-04
IGHV4-AMYK	IGHV4-AMYK*02	1e-04
IGHV4-AMYK	IGHV4-AMYK*03	1e-04
IGHV4-AMYK	IGHV4-AMYK*04	1e-04
IGHV4-AMYK	IGHV4-AMYK*06	1e-04
IGHV4-BQLH	IGHV4-BQLH*02	1e-04
IGHV4-BQLH	IGHV4-BQLH*03	1e-04
IGHV4-BQLH	IGHV4-BQLH*04	1e-04
IGHV4-CCOK	IGHV4-CCOK*01	1e-04
IGHV4-CCOK	IGHV4-CCOK*04	1e-04
IGHV4-CCOK	IGHV4-CCOK*07	1e-04
IGHV4-CCOK	IGHV4-CCOK*08	1e-04
IGHV4-DJPP	IGHV4-DJPP*01	1e-04
IGHV4-DJPP	IGHV4-DJPP*02	1e-04
IGHV4-DJPP	IGHV4-DJPP*04	1e-04
IGHV4-DJPP	IGHV4-DJPP*05	1e-04
IGHV4-DJPP	IGHV4-DJPP*07	1e-04
IGHV4-DJPP	IGHV4-DJPP*08	1e-04
IGHV4-DXH5	IGHV4-DXH5*04	1e-04
IGHV4-E2ZN	IGHV4-E2ZN*01	1e-04
IGHV4-E2ZN	IGHV4-E2ZN*02	1e-04
IGHV4-EAIX	IGHV4-EAIX*01	1e-04
IGHV4-EAIX	IGHV4-EAIX*02	1e-04
IGHV4-EAIX	IGHV4-EAIX*04	1e-04
IGHV4-EAIX	IGHV4-EAIX*09	1e-04
IGHV4-EAIX	IGHV4-EAIX*10	1e-04
IGHV4-EITI	IGHV4-EITI*14	1e-04
IGHV4-EITI	IGHV4-EITI*16	1e-04
IGHV4-FAZN	IGHV4-FAZN*05	1e-04
IGHV4-FAZN	IGHV4-FAZN*06	1e-04
IGHV4-FAZN	IGHV4-FAZN*09	1e-04
IGHV4-FAZN	IGHV4-FAZN*10/IGHV4-FAZN*15	1e-04
IGHV4-FAZN	IGHV4-FAZN*11	1e-04
IGHV4-HDAZ	IGHV4-HDAZ*01	1e-04
IGHV4-HDAZ	IGHV4-HDAZ*05	1e-04
IGHV4-HDAZ	IGHV4-HDAZ*08	1e-04
IGHV4-HDAZ	IGHV4-HDAZ*09	1e-04
IGHV4-HHZI	IGHV4-HHZI*01	1e-04
IGHV4-HHZI	IGHV4-HHZI*02	1e-04
IGHV4-HNNT	IGHV4-HNNT*01	1e-04
IGHV4-HZTT	IGHV4-HZTT*01	1e-04
IGHV4-HZTT	IGHV4-HZTT*02	1e-04
IGHV4-HZTT	IGHV4-HZTT*03	1e-04
IGHV4-I3XU	IGHV4-I3XU*01	1e-04
IGHV4-I3XU	IGHV4-I3XU*02	1e-04
IGHV4-JA6D	IGHV4-JA6D*08	1e-04
IGHV4-JA6D	IGHV4-JA6D*12	1e-04
IGHV4-JA6D	IGHV4-JA6D*21	1e-04
IGHV4-JJNU	IGHV4-JJNU*02	1e-04
IGHV4-JJNU	IGHV4-JJNU*03	1e-04
IGHV4-JZNW	IGHV4-JZNW*01	1e-04
IGHV4-JZNW	IGHV4-JZNW*02	1e-04
IGHV4-JZNW	IGHV4-JZNW*03	1e-04
IGHV4-JZNW	IGHV4-JZNW*04	1e-04
IGHV4-JZNW	IGHV4-JZNW*06	1e-04
IGHV4-JZNW	IGHV4-JZNW*07	1e-04
IGHV4-JZNW	IGHV4-JZNW*08	1e-04
IGHV4-JZNW	IGHV4-JZNW*12	1e-04
IGHV4-JZNW	IGHV4-JZNW*13	1e-04
IGHV4-JZNW	IGHV4-JZNW*15	1e-04
IGHV4-JZNW	IGHV4-JZNW*16	1e-04
IGHV4-KG56	IGHV4-KG56*01	1e-04
IGHV4-MLR2	IGHV4-MLR2*01	1e-04
IGHV4-MLR2	IGHV4-MLR2*02	1e-04
IGHV4-MLR2	IGHV4-MLR2*03	1e-04
IGHV4-MYX4	IGHV4-MYX4*01	1e-04
IGHV4-MYX4	IGHV4-MYX4*03	1e-04
IGHV4-MYX4	IGHV4-MYX4*04	1e-04
IGHV4-N2SB	IGHV4-N2SB*02	1e-04
IGHV4-NBRY	IGHV4-NBRY*01	1e-04
IGHV4-NBRY	IGHV4-NBRY*02	1e-04
IGHV4-NFRM	IGHV4-NFRM*01	1e-04
IGHV4-NFRM	IGHV4-NFRM*02	1e-04
IGHV4-NFRM	IGHV4-NFRM*05	1e-04
IGHV4-NFRM	IGHV4-NFRM*07	1e-04
IGHV4-NFRM	IGHV4-NFRM*08	1e-04
IGHV4-NFRM	IGHV4-NFRM*10	1e-04
IGHV4-NZ7A	IGHV4-NZ7A*03	1e-04
IGHV4-NZ7A	IGHV4-NZ7A*05	1e-04
IGHV4-NZ7A	IGHV4-NZ7A*09	1e-04
IGHV4-U2RC	IGHV4-U2RC*01	1e-04
IGHV4-U2RC	IGHV4-U2RC*03	1e-04
IGHV4-U2RC	IGHV4-U2RC*06	1e-04
IGHV4-VX5Q	IGHV4-VX5Q*01	1e-04
IGHV4-VX5Q	IGHV4-VX5Q*02	1e-04
IGHV4-VX5Q	IGHV4-VX5Q*03	1e-04
IGHV4-VX5Q	IGHV4-VX5Q*04	1e-04
IGHV4-VX5Q	IGHV4-VX5Q*06	1e-04
IGHV4-VX5Q	IGHV4-VX5Q*07	1e-04
IGHV4-VX5Q	IGHV4-VX5Q*10	1e-04
IGHV4-VX5Q	IGHV4-VX5Q*11	1e-04
IGHV4-VX5Q	IGHV4-VX5Q*12	1e-04
IGHV4-VX5Q	IGHV4-VX5Q*13	1e-04
IGHV4-VX5Q	IGHV4-VX5Q*14	1e-04
IGHV4-VX5Q	IGHV4-VX5Q*17	1e-04
IGHV4-VX5Q	IGHV4-VX5Q*20	1e-04
IGHV4-VX5Q	IGHV4-VX5Q*21	1e-04
IGHV4-VX5Q	IGHV4-VX5Q*25	1e-04
IGHV4-XTDW	IGHV4-XTDW*01/IGHV4-XTDW*16	1e-04
IGHV4-XTDW	IGHV4-XTDW*04	1e-04
IGHV4-XTDW	IGHV4-XTDW*07	1e-04
IGHV4-XTDW	IGHV4-XTDW*08	1e-04
IGHV4-XTDW	IGHV4-XTDW*10	1e-04
IGHV4-XTDW	IGHV4-XTDW*11	1e-04
IGHV4-XTDW	IGHV4-XTDW*13	1e-04
IGHV4-XTDW	IGHV4-XTDW*15	1e-04
IGHV4-Y4BX	IGHV4-Y4BX*01	1e-04
IGHV4-Y4BX	IGHV4-Y4BX*02	1e-04
IGHV4-Y4BX	IGHV4-Y4BX*03	1e-04
IGHV4-Y4BX	IGHV4-Y4BX*04	1e-04
IGHV4-Y4FC	IGHV4-Y4FC*01	1e-04
IGHV4-Y4FC	IGHV4-Y4FC*03	1e-04
IGHV4-Y4FC	IGHV4-Y4FC*06	1e-04
IGHV4-Y4FC	IGHV4-Y4FC*07	1e-04
IGHV4-Y4FC	IGHV4-Y4FC*08	1e-04
IGHV4-YE26	IGHV4-YE26*01	1e-04
IGHV4-YE26	IGHV4-YE26*04	1e-04
IGHV4-YE26	IGHV4-YE26*06	1e-04
IGHV4-YE26	IGHV4-YE26*07	1e-04
IGHV4-YE26	IGHV4-YE26*09	1e-04
IGHV4-YE26	IGHV4-YE26*13	1e-04
IGHV4-YE26	IGHV4-YE26*16	1e-04
IGHV4-ZNL3	IGHV4-ZNL3*01	1e-04
IGHV4-ZNL3	IGHV4-ZNL3*02	1e-04
IGHV5-2DZZ	IGHV5-2DZZ*01	1e-04
IGHV5-2GFF	IGHV5-2GFF*03	1e-04
IGHV5-2GFF	IGHV5-2GFF*08	1e-04
IGHV5-2GFF	IGHV5-2GFF*09	1e-04
IGHV5-2GFF	IGHV5-2GFF*10	1e-04
IGHV5-2GFF	IGHV5-2GFF*11	1e-04
IGHV5-2GFF	IGHV5-2GFF*13	1e-04
IGHV5-D2NK	IGHV5-D2NK*01	1e-04
IGHV5-D2NK	IGHV5-D2NK*02	1e-04
IGHV5-D2NK	IGHV5-D2NK*08	1e-04
IGHV5-D2NK	IGHV5-D2NK*11	1e-04
IGHV5-D2NK	IGHV5-D2NK*13	1e-04
IGHV5-T2J5	IGHV5-T2J5*01	1e-04
IGHV5-T2J5	IGHV5-T2J5*02	1e-04
IGHV6-UXXO	IGHV6-UXXO*03	1e-04
IGHV7-75KG	IGHV7-75KG*03	1e-04
IGHV7-75KG	IGHV7-75KG*06	1e-04
IGHV7-S2SK	IGHV7-S2SK*01	1e-04
IGHV7-S2SK	IGHV7-S2SK*03	1e-04
IGHV7-S2SK	IGHV7-S2SK*04	1e-04
IGHV7-S2SK	IGHV7-S2SK*07	1e-04
IGHV7-S2SK	IGHV7-S2SK*08	1e-04
IGHV7-S2SK	IGHV7-S2SK*10	1e-04
IGHV7-S2SK	IGHV7-S2SK*11	1e-04
IGHV7-S2SK	IGHV7-S2SK*12	1e-04
IGHV7-S2SK	IGHV7-S2SK*14	1e-04
IGHV8-4KLO	IGHV8-4KLO*01	1e-04
IGHV8-4KLO	IGHV8-4KLO*02	1e-04
IGHV8-4SV6	IGHV8-4SV6*01	1e-04
IGHV8-4SV6	IGHV8-4SV6*02	1e-04
IGHV8-4SV6	IGHV8-4SV6*03	1e-04
IGHV8-4SV6	IGHV8-4SV6*06	1e-04
IGHV8-4SV6	IGHV8-4SV6*07	1e-04
IGHV8-4SV6	IGHV8-4SV6*08	1e-04
IGHV8-4WHC	IGHV8-4WHC*01	1e-04
IGHV8-4WHC	IGHV8-4WHC*04	1e-04
IGHV8-4WHC	IGHV8-4WHC*05	1e-04
IGHV8-4WHC	IGHV8-4WHC*12	1e-04
IGHV8-4WHC	IGHV8-4WHC*15	1e-04
IGHV8-4WHC	IGHV8-4WHC*17	1e-04
IGHV8-65SO	IGHV8-65SO*01	1e-04
IGHV8-65SO	IGHV8-65SO*03	1e-04
IGHV8-65SO	IGHV8-65SO*05	1e-04
IGHV8-65SO	IGHV8-65SO*09	1e-04
IGHV8-65SO	IGHV8-65SO*12	1e-04
IGHV8-65SO	IGHV8-65SO*14	1e-04
IGHV8-65SO	IGHV8-65SO*16	1e-04
IGHV8-6R7J	IGHV8-6R7J*01	1e-04
IGHV8-6R7J	IGHV8-6R7J*02	1e-04
IGHV8-6R7J	IGHV8-6R7J*03	1e-04
IGHV8-6R7J	IGHV8-6R7J*04	1e-04
IGHV8-6R7J	IGHV8-6R7J*05	1e-04
IGHV8-6TUE	IGHV8-6TUE*03	1e-04
IGHV8-6TUE	IGHV8-6TUE*05	1e-04
IGHV8-6TUE	IGHV8-6TUE*06	1e-04
IGHV8-6TUE	IGHV8-6TUE*09	1e-04
IGHV8-AHTF	IGHV8-AHTF*02	1e-04
IGHV8-AHTF	IGHV8-AHTF*04	1e-04
IGHV8-AHTF	IGHV8-AHTF*05	1e-04
IGHV8-AHTF	IGHV8-AHTF*06	1e-04
IGHV8-AHTF	IGHV8-AHTF*10	1e-04
IGHV8-DH64	IGHV8-DH64*02	1e-04
IGHV8-DH64	IGHV8-DH64*03	1e-04
IGHV8-DH64	IGHV8-DH64*05	1e-04
IGHV8-DH64	IGHV8-DH64*07	1e-04
IGHV8-DH64	IGHV8-DH64*10	1e-04
IGHV8-GESA	IGHV8-GESA*01	1e-04
IGHV8-GESA	IGHV8-GESA*02	1e-04
IGHV8-GESA	IGHV8-GESA*03	1e-04
IGHV8-GESA	IGHV8-GESA*07	1e-04
IGHV8-GESA	IGHV8-GESA*08	1e-04
IGHV8-GESA	IGHV8-GESA*10	1e-04
IGHV8-GESA	IGHV8-GESA*12	1e-04
IGHV8-GESA	IGHV8-GESA*14	1e-04
IGHV8-GESA	IGHV8-GESA*16	1e-04
IGHV8-GESA	IGHV8-GESA*17	1e-04
IGHV8-GESA	IGHV8-GESA*18	1e-04
IGHV8-GESA	IGHV8-GESA*19	1e-04
IGHV8-GESA	IGHV8-GESA*20	1e-04
IGHV8-GKLX	IGHV8-GKLX*01	1e-04
IGHV8-MBLR	IGHV8-MBLR*01	1e-04
IGHV8-MBLR	IGHV8-MBLR*03	1e-04
IGHV8-MBLR	IGHV8-MBLR*05	1e-04
IGHV8-MBLR	IGHV8-MBLR*06	1e-04
IGHV8-NEPN	IGHV8-NEPN*01	1e-04
IGHV8-NEPN	IGHV8-NEPN*02	1e-04
IGHV8-PWAC	IGHV8-PWAC*01	1e-04
IGHV8-PWAC	IGHV8-PWAC*03	1e-04
IGHV8-PWAC	IGHV8-PWAC*04	1e-04
IGHV8-QBAS	IGHV8-QBAS*02	1e-04
IGHV8-QBAS	IGHV8-QBAS*03	1e-04
IGHV8-QBAS	IGHV8-QBAS*04	1e-04
IGHV8-QBAS	IGHV8-QBAS*05	1e-04
IGHV8-RZNS	IGHV8-RZNS*03	1e-04
IGHV8-RZNS	IGHV8-RZNS*05	1e-04
IGHV8-RZNS	IGHV8-RZNS*06	1e-04
IGHV8-RZNS	IGHV8-RZNS*08	1e-04
IGHV8-RZNS	IGHV8-RZNS*09	1e-04
IGHV8-RZNS	IGHV8-RZNS*10	1e-04
IGHV8-RZNS	IGHV8-RZNS*16	1e-04
IGHV8-WAVT	IGHV8-WAVT*02	1e-04
IGHV8-WAVT	IGHV8-WAVT*08	1e-04
IGHV8-YMST	IGHV8-YMST*01	1e-04
IGHV8-YMST	IGHV8-YMST*02	1e-04
IGHV8-YMST	IGHV8-YMST*03	1e-04
IGHJ1-PVVP	IGHJ1-PVVP*01	0.001
IGHJ1-PVVP	IGHJ1-PVVP*02	0.001
IGHJ2-DDLH	IGHJ2-DDLH*01	0.001
IGHJ2-DDLH	IGHJ2-DDLH*02	0.001
IGHJ3-XRNC	IGHJ3-XRNC*01	0.001
IGHJ4-JSJ6	IGHJ4-JSJ6*01	0.001
IGHJ4-JSJ6	IGHJ4-JSJ6*02	0.02
IGHJ5-MIQL	IGHJ5-MIQL*02	0.002
IGHJ5-MIQL	IGHJ5-MIQL*03	0.003
IGHJ5-XD6S	IGHJ5-XD6S*03	0.001
IGHJ6-GAIV	IGHJ6-GAIV*01	0.001
IGHJ5-MIQL	IGHJ5-MIQL*01	0.001
IGHJ5-XD6S	IGHJ5-XD6S*01	0.001
IGHJ6-GAIV	IGHJ6-GAIV*02	0.001
IGHJ5-XD6S	IGHJ5-XD6S*02	0.001
